[{"name":"Bulbasaur","type":["Grass","Poison"],"total":318,"hp":45,"attack":49},{"name":"Ivysaur","type":["Grass","Poison"],"total":405,"hp":60,"attack":62},{"name":"Venusaur","type":["Grass","Poison"],"total":525,"hp":80,"attack":82},{"name":"VenusaurMega Venusaur","type":["Grass","Poison"],"total":625,"hp":80,"attack":100},{"name":"Charmander","type":["Fire"],"total":309,"hp":39,"attack":52},{"name":"Charmeleon","type":["Fire"],"total":405,"hp":58,"attack":64},{"name":"Charizard","type":["Fire","Flying"],"total":534,"hp":78,"attack":84},{"name":"CharizardMega Charizard X","type":["Fire","Dragon"],"total":634,"hp":78,"attack":130},{"name":"CharizardMega Charizard Y","type":["Fire","Flying"],"total":634,"hp":78,"attack":104},{"name":"Squirtle","type":["Water"],"total":314,"hp":44,"attack":48},{"name":"Wartortle","type":["Water"],"total":405,"hp":59,"attack":63},{"name":"Blastoise","type":["Water"],"total":530,"hp":79,"attack":83},{"name":"BlastoiseMega Blastoise","type":["Water"],"total":630,"hp":79,"attack":103},{"name":"Caterpie","type":["Bug"],"total":195,"hp":45,"attack":30},{"name":"Metapod","type":["Bug"],"total":205,"hp":50,"attack":20},{"name":"Butterfree","type":["Bug","Flying"],"total":395,"hp":60,"attack":45},{"name":"Weedle","type":["Bug","Poison"],"total":195,"hp":40,"attack":35},{"name":"Kakuna","type":["Bug","Poison"],"total":205,"hp":45,"attack":25},{"name":"Beedrill","type":["Bug","Poison"],"total":395,"hp":65,"attack":90},{"name":"BeedrillMega Beedrill","type":["Bug","Poison"],"total":495,"hp":65,"attack":150},{"name":"Pidgey","type":["Normal","Flying"],"total":251,"hp":40,"attack":45},{"name":"Pidgeotto","type":["Normal","Flying"],"total":349,"hp":63,"attack":60},{"name":"Pidgeot","type":["Normal","Flying"],"total":479,"hp":83,"attack":80},{"name":"PidgeotMega Pidgeot","type":["Normal","Flying"],"total":579,"hp":83,"attack":80},{"name":"Rattata","type":["Normal"],"total":253,"hp":30,"attack":56},{"name":"Raticate","type":["Normal"],"total":413,"hp":55,"attack":81},{"name":"Spearow","type":["Normal","Flying"],"total":262,"hp":40,"attack":60},{"name":"Fearow","type":["Normal","Flying"],"total":442,"hp":65,"attack":90},{"name":"Ekans","type":["Poison"],"total":288,"hp":35,"attack":60},{"name":"Arbok","type":["Poison"],"total":438,"hp":60,"attack":85},{"name":"Pikachu","type":["Electric"],"total":320,"hp":35,"attack":55},{"name":"Raichu","type":["Electric"],"total":485,"hp":60,"attack":90},{"name":"Sandshrew","type":["Ground"],"total":300,"hp":50,"attack":75},{"name":"Sandslash","type":["Ground"],"total":450,"hp":75,"attack":100},{"name":"Nidoran\u2640","type":["Poison"],"total":275,"hp":55,"attack":47},{"name":"Nidorina","type":["Poison"],"total":365,"hp":70,"attack":62},{"name":"Nidoqueen","type":["Poison","Ground"],"total":505,"hp":90,"attack":92},{"name":"Nidoran\u2642","type":["Poison"],"total":273,"hp":46,"attack":57},{"name":"Nidorino","type":["Poison"],"total":365,"hp":61,"attack":72},{"name":"Nidoking","type":["Poison","Ground"],"total":505,"hp":81,"attack":102},{"name":"Clefairy","type":["Fairy"],"total":323,"hp":70,"attack":45},{"name":"Clefable","type":["Fairy"],"total":483,"hp":95,"attack":70},{"name":"Vulpix","type":["Fire"],"total":299,"hp":38,"attack":41},{"name":"Ninetales","type":["Fire"],"total":505,"hp":73,"attack":76},{"name":"Jigglypuff","type":["Normal","Fairy"],"total":270,"hp":115,"attack":45},{"name":"Wigglytuff","type":["Normal","Fairy"],"total":435,"hp":140,"attack":70},{"name":"Zubat","type":["Poison","Flying"],"total":245,"hp":40,"attack":45},{"name":"Golbat","type":["Poison","Flying"],"total":455,"hp":75,"attack":80},{"name":"Oddish","type":["Grass","Poison"],"total":320,"hp":45,"attack":50},{"name":"Gloom","type":["Grass","Poison"],"total":395,"hp":60,"attack":65},{"name":"Vileplume","type":["Grass","Poison"],"total":490,"hp":75,"attack":80},{"name":"Paras","type":["Bug","Grass"],"total":285,"hp":35,"attack":70},{"name":"Parasect","type":["Bug","Grass"],"total":405,"hp":60,"attack":95},{"name":"Venonat","type":["Bug","Poison"],"total":305,"hp":60,"attack":55},{"name":"Venomoth","type":["Bug","Poison"],"total":450,"hp":70,"attack":65},{"name":"Diglett","type":["Ground"],"total":265,"hp":10,"attack":55},{"name":"Dugtrio","type":["Ground"],"total":405,"hp":35,"attack":80},{"name":"Meowth","type":["Normal"],"total":290,"hp":40,"attack":45},{"name":"Persian","type":["Normal"],"total":440,"hp":65,"attack":70},{"name":"Psyduck","type":["Water"],"total":320,"hp":50,"attack":52},{"name":"Golduck","type":["Water"],"total":500,"hp":80,"attack":82},{"name":"Mankey","type":["Fighting"],"total":305,"hp":40,"attack":80},{"name":"Primeape","type":["Fighting"],"total":455,"hp":65,"attack":105},{"name":"Growlithe","type":["Fire"],"total":350,"hp":55,"attack":70},{"name":"Arcanine","type":["Fire"],"total":555,"hp":90,"attack":110},{"name":"Poliwag","type":["Water"],"total":300,"hp":40,"attack":50},{"name":"Poliwhirl","type":["Water"],"total":385,"hp":65,"attack":65},{"name":"Poliwrath","type":["Water","Fighting"],"total":510,"hp":90,"attack":95},{"name":"Abra","type":["Psychic"],"total":310,"hp":25,"attack":20},{"name":"Kadabra","type":["Psychic"],"total":400,"hp":40,"attack":35},{"name":"Alakazam","type":["Psychic"],"total":500,"hp":55,"attack":50},{"name":"AlakazamMega Alakazam","type":["Psychic"],"total":590,"hp":55,"attack":50},{"name":"Machop","type":["Fighting"],"total":305,"hp":70,"attack":80},{"name":"Machoke","type":["Fighting"],"total":405,"hp":80,"attack":100},{"name":"Machamp","type":["Fighting"],"total":505,"hp":90,"attack":130},{"name":"Bellsprout","type":["Grass","Poison"],"total":300,"hp":50,"attack":75},{"name":"Weepinbell","type":["Grass","Poison"],"total":390,"hp":65,"attack":90},{"name":"Victreebel","type":["Grass","Poison"],"total":490,"hp":80,"attack":105},{"name":"Tentacool","type":["Water","Poison"],"total":335,"hp":40,"attack":40},{"name":"Tentacruel","type":["Water","Poison"],"total":515,"hp":80,"attack":70},{"name":"Geodude","type":["Rock","Ground"],"total":300,"hp":40,"attack":80},{"name":"Graveler","type":["Rock","Ground"],"total":390,"hp":55,"attack":95},{"name":"Golem","type":["Rock","Ground"],"total":495,"hp":80,"attack":120},{"name":"Ponyta","type":["Fire"],"total":410,"hp":50,"attack":85},{"name":"Rapidash","type":["Fire"],"total":500,"hp":65,"attack":100},{"name":"Slowpoke","type":["Water","Psychic"],"total":315,"hp":90,"attack":65},{"name":"Slowbro","type":["Water","Psychic"],"total":490,"hp":95,"attack":75},{"name":"SlowbroMega Slowbro","type":["Water","Psychic"],"total":590,"hp":95,"attack":75},{"name":"Magnemite","type":["Electric","Steel"],"total":325,"hp":25,"attack":35},{"name":"Magneton","type":["Electric","Steel"],"total":465,"hp":50,"attack":60},{"name":"Farfetch'd","type":["Normal","Flying"],"total":352,"hp":52,"attack":65},{"name":"Doduo","type":["Normal","Flying"],"total":310,"hp":35,"attack":85},{"name":"Dodrio","type":["Normal","Flying"],"total":460,"hp":60,"attack":110},{"name":"Seel","type":["Water"],"total":325,"hp":65,"attack":45},{"name":"Dewgong","type":["Water","Ice"],"total":475,"hp":90,"attack":70},{"name":"Grimer","type":["Poison"],"total":325,"hp":80,"attack":80},{"name":"Muk","type":["Poison"],"total":500,"hp":105,"attack":105},{"name":"Shellder","type":["Water"],"total":305,"hp":30,"attack":65},{"name":"Cloyster","type":["Water","Ice"],"total":525,"hp":50,"attack":95},{"name":"Gastly","type":["Ghost","Poison"],"total":310,"hp":30,"attack":35},{"name":"Haunter","type":["Ghost","Poison"],"total":405,"hp":45,"attack":50},{"name":"Gengar","type":["Ghost","Poison"],"total":500,"hp":60,"attack":65},{"name":"GengarMega Gengar","type":["Ghost","Poison"],"total":600,"hp":60,"attack":65},{"name":"Onix","type":["Rock","Ground"],"total":385,"hp":35,"attack":45},{"name":"Drowzee","type":["Psychic"],"total":328,"hp":60,"attack":48},{"name":"Hypno","type":["Psychic"],"total":483,"hp":85,"attack":73},{"name":"Krabby","type":["Water"],"total":325,"hp":30,"attack":105},{"name":"Kingler","type":["Water"],"total":475,"hp":55,"attack":130},{"name":"Voltorb","type":["Electric"],"total":330,"hp":40,"attack":30},{"name":"Electrode","type":["Electric"],"total":480,"hp":60,"attack":50},{"name":"Exeggcute","type":["Grass","Psychic"],"total":325,"hp":60,"attack":40},{"name":"Exeggutor","type":["Grass","Psychic"],"total":520,"hp":95,"attack":95},{"name":"Cubone","type":["Ground"],"total":320,"hp":50,"attack":50},{"name":"Marowak","type":["Ground"],"total":425,"hp":60,"attack":80},{"name":"Hitmonlee","type":["Fighting"],"total":455,"hp":50,"attack":120},{"name":"Hitmonchan","type":["Fighting"],"total":455,"hp":50,"attack":105},{"name":"Lickitung","type":["Normal"],"total":385,"hp":90,"attack":55},{"name":"Koffing","type":["Poison"],"total":340,"hp":40,"attack":65},{"name":"Weezing","type":["Poison"],"total":490,"hp":65,"attack":90},{"name":"Rhyhorn","type":["Ground","Rock"],"total":345,"hp":80,"attack":85},{"name":"Rhydon","type":["Ground","Rock"],"total":485,"hp":105,"attack":130},{"name":"Chansey","type":["Normal"],"total":450,"hp":250,"attack":5},{"name":"Tangela","type":["Grass"],"total":435,"hp":65,"attack":55},{"name":"Kangaskhan","type":["Normal"],"total":490,"hp":105,"attack":95},{"name":"KangaskhanMega Kangaskhan","type":["Normal"],"total":590,"hp":105,"attack":125},{"name":"Horsea","type":["Water"],"total":295,"hp":30,"attack":40},{"name":"Seadra","type":["Water"],"total":440,"hp":55,"attack":65},{"name":"Goldeen","type":["Water"],"total":320,"hp":45,"attack":67},{"name":"Seaking","type":["Water"],"total":450,"hp":80,"attack":92},{"name":"Staryu","type":["Water"],"total":340,"hp":30,"attack":45},{"name":"Starmie","type":["Water","Psychic"],"total":520,"hp":60,"attack":75},{"name":"Mr. Mime","type":["Psychic","Fairy"],"total":460,"hp":40,"attack":45},{"name":"Scyther","type":["Bug","Flying"],"total":500,"hp":70,"attack":110},{"name":"Jynx","type":["Ice","Psychic"],"total":455,"hp":65,"attack":50},{"name":"Electabuzz","type":["Electric"],"total":490,"hp":65,"attack":83},{"name":"Magmar","type":["Fire"],"total":495,"hp":65,"attack":95},{"name":"Pinsir","type":["Bug"],"total":500,"hp":65,"attack":125},{"name":"PinsirMega Pinsir","type":["Bug","Flying"],"total":600,"hp":65,"attack":155},{"name":"Tauros","type":["Normal"],"total":490,"hp":75,"attack":100},{"name":"Magikarp","type":["Water"],"total":200,"hp":20,"attack":10},{"name":"Gyarados","type":["Water","Flying"],"total":540,"hp":95,"attack":125},{"name":"GyaradosMega Gyarados","type":["Water","Dark"],"total":640,"hp":95,"attack":155},{"name":"Lapras","type":["Water","Ice"],"total":535,"hp":130,"attack":85},{"name":"Ditto","type":["Normal"],"total":288,"hp":48,"attack":48},{"name":"Eevee","type":["Normal"],"total":325,"hp":55,"attack":55},{"name":"Vaporeon","type":["Water"],"total":525,"hp":130,"attack":65},{"name":"Jolteon","type":["Electric"],"total":525,"hp":65,"attack":65},{"name":"Flareon","type":["Fire"],"total":525,"hp":65,"attack":130},{"name":"Porygon","type":["Normal"],"total":395,"hp":65,"attack":60},{"name":"Omanyte","type":["Rock","Water"],"total":355,"hp":35,"attack":40},{"name":"Omastar","type":["Rock","Water"],"total":495,"hp":70,"attack":60},{"name":"Kabuto","type":["Rock","Water"],"total":355,"hp":30,"attack":80},{"name":"Kabutops","type":["Rock","Water"],"total":495,"hp":60,"attack":115},{"name":"Aerodactyl","type":["Rock","Flying"],"total":515,"hp":80,"attack":105},{"name":"AerodactylMega Aerodactyl","type":["Rock","Flying"],"total":615,"hp":80,"attack":135},{"name":"Snorlax","type":["Normal"],"total":540,"hp":160,"attack":110},{"name":"Articuno","type":["Ice","Flying"],"total":580,"hp":90,"attack":85},{"name":"Zapdos","type":["Electric","Flying"],"total":580,"hp":90,"attack":90},{"name":"Moltres","type":["Fire","Flying"],"total":580,"hp":90,"attack":100},{"name":"Dratini","type":["Dragon"],"total":300,"hp":41,"attack":64},{"name":"Dragonair","type":["Dragon"],"total":420,"hp":61,"attack":84},{"name":"Dragonite","type":["Dragon","Flying"],"total":600,"hp":91,"attack":134},{"name":"Mewtwo","type":["Psychic"],"total":680,"hp":106,"attack":110},{"name":"MewtwoMega Mewtwo X","type":["Psychic","Fighting"],"total":780,"hp":106,"attack":190},{"name":"MewtwoMega Mewtwo Y","type":["Psychic"],"total":780,"hp":106,"attack":150},{"name":"Mew","type":["Psychic"],"total":600,"hp":100,"attack":100},{"name":"Chikorita","type":["Grass"],"total":318,"hp":45,"attack":49},{"name":"Bayleef","type":["Grass"],"total":405,"hp":60,"attack":62},{"name":"Meganium","type":["Grass"],"total":525,"hp":80,"attack":82},{"name":"Cyndaquil","type":["Fire"],"total":309,"hp":39,"attack":52},{"name":"Quilava","type":["Fire"],"total":405,"hp":58,"attack":64},{"name":"Typhlosion","type":["Fire"],"total":534,"hp":78,"attack":84},{"name":"Totodile","type":["Water"],"total":314,"hp":50,"attack":65},{"name":"Croconaw","type":["Water"],"total":405,"hp":65,"attack":80},{"name":"Feraligatr","type":["Water"],"total":530,"hp":85,"attack":105},{"name":"Sentret","type":["Normal"],"total":215,"hp":35,"attack":46},{"name":"Furret","type":["Normal"],"total":415,"hp":85,"attack":76},{"name":"Hoothoot","type":["Normal","Flying"],"total":262,"hp":60,"attack":30},{"name":"Noctowl","type":["Normal","Flying"],"total":442,"hp":100,"attack":50},{"name":"Ledyba","type":["Bug","Flying"],"total":265,"hp":40,"attack":20},{"name":"Ledian","type":["Bug","Flying"],"total":390,"hp":55,"attack":35},{"name":"Spinarak","type":["Bug","Poison"],"total":250,"hp":40,"attack":60},{"name":"Ariados","type":["Bug","Poison"],"total":390,"hp":70,"attack":90},{"name":"Crobat","type":["Poison","Flying"],"total":535,"hp":85,"attack":90},{"name":"Chinchou","type":["Water","Electric"],"total":330,"hp":75,"attack":38},{"name":"Lanturn","type":["Water","Electric"],"total":460,"hp":125,"attack":58},{"name":"Pichu","type":["Electric"],"total":205,"hp":20,"attack":40},{"name":"Cleffa","type":["Fairy"],"total":218,"hp":50,"attack":25},{"name":"Igglybuff","type":["Normal","Fairy"],"total":210,"hp":90,"attack":30},{"name":"Togepi","type":["Fairy"],"total":245,"hp":35,"attack":20},{"name":"Togetic","type":["Fairy","Flying"],"total":405,"hp":55,"attack":40},{"name":"Natu","type":["Psychic","Flying"],"total":320,"hp":40,"attack":50},{"name":"Xatu","type":["Psychic","Flying"],"total":470,"hp":65,"attack":75},{"name":"Mareep","type":["Electric"],"total":280,"hp":55,"attack":40},{"name":"Flaaffy","type":["Electric"],"total":365,"hp":70,"attack":55},{"name":"Ampharos","type":["Electric"],"total":510,"hp":90,"attack":75},{"name":"AmpharosMega Ampharos","type":["Electric","Dragon"],"total":610,"hp":90,"attack":95},{"name":"Bellossom","type":["Grass"],"total":490,"hp":75,"attack":80},{"name":"Marill","type":["Water","Fairy"],"total":250,"hp":70,"attack":20},{"name":"Azumarill","type":["Water","Fairy"],"total":420,"hp":100,"attack":50},{"name":"Sudowoodo","type":["Rock"],"total":410,"hp":70,"attack":100},{"name":"Politoed","type":["Water"],"total":500,"hp":90,"attack":75},{"name":"Hoppip","type":["Grass","Flying"],"total":250,"hp":35,"attack":35},{"name":"Skiploom","type":["Grass","Flying"],"total":340,"hp":55,"attack":45},{"name":"Jumpluff","type":["Grass","Flying"],"total":460,"hp":75,"attack":55},{"name":"Aipom","type":["Normal"],"total":360,"hp":55,"attack":70},{"name":"Sunkern","type":["Grass"],"total":180,"hp":30,"attack":30},{"name":"Sunflora","type":["Grass"],"total":425,"hp":75,"attack":75},{"name":"Yanma","type":["Bug","Flying"],"total":390,"hp":65,"attack":65},{"name":"Wooper","type":["Water","Ground"],"total":210,"hp":55,"attack":45},{"name":"Quagsire","type":["Water","Ground"],"total":430,"hp":95,"attack":85},{"name":"Espeon","type":["Psychic"],"total":525,"hp":65,"attack":65},{"name":"Umbreon","type":["Dark"],"total":525,"hp":95,"attack":65},{"name":"Murkrow","type":["Dark","Flying"],"total":405,"hp":60,"attack":85},{"name":"Slowking","type":["Water","Psychic"],"total":490,"hp":95,"attack":75},{"name":"Misdreavus","type":["Ghost"],"total":435,"hp":60,"attack":60},{"name":"Unown","type":["Psychic"],"total":336,"hp":48,"attack":72},{"name":"Wobbuffet","type":["Psychic"],"total":405,"hp":190,"attack":33},{"name":"Girafarig","type":["Normal","Psychic"],"total":455,"hp":70,"attack":80},{"name":"Pineco","type":["Bug"],"total":290,"hp":50,"attack":65},{"name":"Forretress","type":["Bug","Steel"],"total":465,"hp":75,"attack":90},{"name":"Dunsparce","type":["Normal"],"total":415,"hp":100,"attack":70},{"name":"Gligar","type":["Ground","Flying"],"total":430,"hp":65,"attack":75},{"name":"Steelix","type":["Steel","Ground"],"total":510,"hp":75,"attack":85},{"name":"SteelixMega Steelix","type":["Steel","Ground"],"total":610,"hp":75,"attack":125},{"name":"Snubbull","type":["Fairy"],"total":300,"hp":60,"attack":80},{"name":"Granbull","type":["Fairy"],"total":450,"hp":90,"attack":120},{"name":"Qwilfish","type":["Water","Poison"],"total":430,"hp":65,"attack":95},{"name":"Scizor","type":["Bug","Steel"],"total":500,"hp":70,"attack":130},{"name":"ScizorMega Scizor","type":["Bug","Steel"],"total":600,"hp":70,"attack":150},{"name":"Shuckle","type":["Bug","Rock"],"total":505,"hp":20,"attack":10},{"name":"Heracross","type":["Bug","Fighting"],"total":500,"hp":80,"attack":125},{"name":"HeracrossMega Heracross","type":["Bug","Fighting"],"total":600,"hp":80,"attack":185},{"name":"Sneasel","type":["Dark","Ice"],"total":430,"hp":55,"attack":95},{"name":"Teddiursa","type":["Normal"],"total":330,"hp":60,"attack":80},{"name":"Ursaring","type":["Normal"],"total":500,"hp":90,"attack":130},{"name":"Slugma","type":["Fire"],"total":250,"hp":40,"attack":40},{"name":"Magcargo","type":["Fire","Rock"],"total":410,"hp":50,"attack":50},{"name":"Swinub","type":["Ice","Ground"],"total":250,"hp":50,"attack":50},{"name":"Piloswine","type":["Ice","Ground"],"total":450,"hp":100,"attack":100},{"name":"Corsola","type":["Water","Rock"],"total":380,"hp":55,"attack":55},{"name":"Remoraid","type":["Water"],"total":300,"hp":35,"attack":65},{"name":"Octillery","type":["Water"],"total":480,"hp":75,"attack":105},{"name":"Delibird","type":["Ice","Flying"],"total":330,"hp":45,"attack":55},{"name":"Mantine","type":["Water","Flying"],"total":465,"hp":65,"attack":40},{"name":"Skarmory","type":["Steel","Flying"],"total":465,"hp":65,"attack":80},{"name":"Houndour","type":["Dark","Fire"],"total":330,"hp":45,"attack":60},{"name":"Houndoom","type":["Dark","Fire"],"total":500,"hp":75,"attack":90},{"name":"HoundoomMega Houndoom","type":["Dark","Fire"],"total":600,"hp":75,"attack":90},{"name":"Kingdra","type":["Water","Dragon"],"total":540,"hp":75,"attack":95},{"name":"Phanpy","type":["Ground"],"total":330,"hp":90,"attack":60},{"name":"Donphan","type":["Ground"],"total":500,"hp":90,"attack":120},{"name":"Porygon2","type":["Normal"],"total":515,"hp":85,"attack":80},{"name":"Stantler","type":["Normal"],"total":465,"hp":73,"attack":95},{"name":"Smeargle","type":["Normal"],"total":250,"hp":55,"attack":20},{"name":"Tyrogue","type":["Fighting"],"total":210,"hp":35,"attack":35},{"name":"Hitmontop","type":["Fighting"],"total":455,"hp":50,"attack":95},{"name":"Smoochum","type":["Ice","Psychic"],"total":305,"hp":45,"attack":30},{"name":"Elekid","type":["Electric"],"total":360,"hp":45,"attack":63},{"name":"Magby","type":["Fire"],"total":365,"hp":45,"attack":75},{"name":"Miltank","type":["Normal"],"total":490,"hp":95,"attack":80},{"name":"Blissey","type":["Normal"],"total":540,"hp":255,"attack":10},{"name":"Raikou","type":["Electric"],"total":580,"hp":90,"attack":85},{"name":"Entei","type":["Fire"],"total":580,"hp":115,"attack":115},{"name":"Suicune","type":["Water"],"total":580,"hp":100,"attack":75},{"name":"Larvitar","type":["Rock","Ground"],"total":300,"hp":50,"attack":64},{"name":"Pupitar","type":["Rock","Ground"],"total":410,"hp":70,"attack":84},{"name":"Tyranitar","type":["Rock","Dark"],"total":600,"hp":100,"attack":134},{"name":"TyranitarMega Tyranitar","type":["Rock","Dark"],"total":700,"hp":100,"attack":164},{"name":"Lugia","type":["Psychic","Flying"],"total":680,"hp":106,"attack":90},{"name":"Ho-oh","type":["Fire","Flying"],"total":680,"hp":106,"attack":130},{"name":"Celebi","type":["Psychic","Grass"],"total":600,"hp":100,"attack":100},{"name":"Treecko","type":["Grass"],"total":310,"hp":40,"attack":45},{"name":"Grovyle","type":["Grass"],"total":405,"hp":50,"attack":65},{"name":"Sceptile","type":["Grass"],"total":530,"hp":70,"attack":85},{"name":"SceptileMega Sceptile","type":["Grass","Dragon"],"total":630,"hp":70,"attack":110},{"name":"Torchic","type":["Fire"],"total":310,"hp":45,"attack":60},{"name":"Combusken","type":["Fire","Fighting"],"total":405,"hp":60,"attack":85},{"name":"Blaziken","type":["Fire","Fighting"],"total":530,"hp":80,"attack":120},{"name":"BlazikenMega Blaziken","type":["Fire","Fighting"],"total":630,"hp":80,"attack":160},{"name":"Mudkip","type":["Water"],"total":310,"hp":50,"attack":70},{"name":"Marshtomp","type":["Water","Ground"],"total":405,"hp":70,"attack":85},{"name":"Swampert","type":["Water","Ground"],"total":535,"hp":100,"attack":110},{"name":"SwampertMega Swampert","type":["Water","Ground"],"total":635,"hp":100,"attack":150},{"name":"Poochyena","type":["Dark"],"total":220,"hp":35,"attack":55},{"name":"Mightyena","type":["Dark"],"total":420,"hp":70,"attack":90},{"name":"Zigzagoon","type":["Normal"],"total":240,"hp":38,"attack":30},{"name":"Linoone","type":["Normal"],"total":420,"hp":78,"attack":70},{"name":"Wurmple","type":["Bug"],"total":195,"hp":45,"attack":45},{"name":"Silcoon","type":["Bug"],"total":205,"hp":50,"attack":35},{"name":"Beautifly","type":["Bug","Flying"],"total":395,"hp":60,"attack":70},{"name":"Cascoon","type":["Bug"],"total":205,"hp":50,"attack":35},{"name":"Dustox","type":["Bug","Poison"],"total":385,"hp":60,"attack":50},{"name":"Lotad","type":["Water","Grass"],"total":220,"hp":40,"attack":30},{"name":"Lombre","type":["Water","Grass"],"total":340,"hp":60,"attack":50},{"name":"Ludicolo","type":["Water","Grass"],"total":480,"hp":80,"attack":70},{"name":"Seedot","type":["Grass"],"total":220,"hp":40,"attack":40},{"name":"Nuzleaf","type":["Grass","Dark"],"total":340,"hp":70,"attack":70},{"name":"Shiftry","type":["Grass","Dark"],"total":480,"hp":90,"attack":100},{"name":"Taillow","type":["Normal","Flying"],"total":270,"hp":40,"attack":55},{"name":"Swellow","type":["Normal","Flying"],"total":430,"hp":60,"attack":85},{"name":"Wingull","type":["Water","Flying"],"total":270,"hp":40,"attack":30},{"name":"Pelipper","type":["Water","Flying"],"total":430,"hp":60,"attack":50},{"name":"Ralts","type":["Psychic","Fairy"],"total":198,"hp":28,"attack":25},{"name":"Kirlia","type":["Psychic","Fairy"],"total":278,"hp":38,"attack":35},{"name":"Gardevoir","type":["Psychic","Fairy"],"total":518,"hp":68,"attack":65},{"name":"GardevoirMega Gardevoir","type":["Psychic","Fairy"],"total":618,"hp":68,"attack":85},{"name":"Surskit","type":["Bug","Water"],"total":269,"hp":40,"attack":30},{"name":"Masquerain","type":["Bug","Flying"],"total":414,"hp":70,"attack":60},{"name":"Shroomish","type":["Grass"],"total":295,"hp":60,"attack":40},{"name":"Breloom","type":["Grass","Fighting"],"total":460,"hp":60,"attack":130},{"name":"Slakoth","type":["Normal"],"total":280,"hp":60,"attack":60},{"name":"Vigoroth","type":["Normal"],"total":440,"hp":80,"attack":80},{"name":"Slaking","type":["Normal"],"total":670,"hp":150,"attack":160},{"name":"Nincada","type":["Bug","Ground"],"total":266,"hp":31,"attack":45},{"name":"Ninjask","type":["Bug","Flying"],"total":456,"hp":61,"attack":90},{"name":"Shedinja","type":["Bug","Ghost"],"total":236,"hp":1,"attack":90},{"name":"Whismur","type":["Normal"],"total":240,"hp":64,"attack":51},{"name":"Loudred","type":["Normal"],"total":360,"hp":84,"attack":71},{"name":"Exploud","type":["Normal"],"total":490,"hp":104,"attack":91},{"name":"Makuhita","type":["Fighting"],"total":237,"hp":72,"attack":60},{"name":"Hariyama","type":["Fighting"],"total":474,"hp":144,"attack":120},{"name":"Azurill","type":["Normal","Fairy"],"total":190,"hp":50,"attack":20},{"name":"Nosepass","type":["Rock"],"total":375,"hp":30,"attack":45},{"name":"Skitty","type":["Normal"],"total":260,"hp":50,"attack":45},{"name":"Delcatty","type":["Normal"],"total":380,"hp":70,"attack":65},{"name":"Sableye","type":["Dark","Ghost"],"total":380,"hp":50,"attack":75},{"name":"SableyeMega Sableye","type":["Dark","Ghost"],"total":480,"hp":50,"attack":85},{"name":"Mawile","type":["Steel","Fairy"],"total":380,"hp":50,"attack":85},{"name":"MawileMega Mawile","type":["Steel","Fairy"],"total":480,"hp":50,"attack":105},{"name":"Aron","type":["Steel","Rock"],"total":330,"hp":50,"attack":70},{"name":"Lairon","type":["Steel","Rock"],"total":430,"hp":60,"attack":90},{"name":"Aggron","type":["Steel","Rock"],"total":530,"hp":70,"attack":110},{"name":"AggronMega Aggron","type":["Steel"],"total":630,"hp":70,"attack":140},{"name":"Meditite","type":["Fighting","Psychic"],"total":280,"hp":30,"attack":40},{"name":"Medicham","type":["Fighting","Psychic"],"total":410,"hp":60,"attack":60},{"name":"MedichamMega Medicham","type":["Fighting","Psychic"],"total":510,"hp":60,"attack":100},{"name":"Electrike","type":["Electric"],"total":295,"hp":40,"attack":45},{"name":"Manectric","type":["Electric"],"total":475,"hp":70,"attack":75},{"name":"ManectricMega Manectric","type":["Electric"],"total":575,"hp":70,"attack":75},{"name":"Plusle","type":["Electric"],"total":405,"hp":60,"attack":50},{"name":"Minun","type":["Electric"],"total":405,"hp":60,"attack":40},{"name":"Volbeat","type":["Bug"],"total":400,"hp":65,"attack":73},{"name":"Illumise","type":["Bug"],"total":400,"hp":65,"attack":47},{"name":"Roselia","type":["Grass","Poison"],"total":400,"hp":50,"attack":60},{"name":"Gulpin","type":["Poison"],"total":302,"hp":70,"attack":43},{"name":"Swalot","type":["Poison"],"total":467,"hp":100,"attack":73},{"name":"Carvanha","type":["Water","Dark"],"total":305,"hp":45,"attack":90},{"name":"Sharpedo","type":["Water","Dark"],"total":460,"hp":70,"attack":120},{"name":"SharpedoMega Sharpedo","type":["Water","Dark"],"total":560,"hp":70,"attack":140},{"name":"Wailmer","type":["Water"],"total":400,"hp":130,"attack":70},{"name":"Wailord","type":["Water"],"total":500,"hp":170,"attack":90},{"name":"Numel","type":["Fire","Ground"],"total":305,"hp":60,"attack":60},{"name":"Camerupt","type":["Fire","Ground"],"total":460,"hp":70,"attack":100},{"name":"CameruptMega Camerupt","type":["Fire","Ground"],"total":560,"hp":70,"attack":120},{"name":"Torkoal","type":["Fire"],"total":470,"hp":70,"attack":85},{"name":"Spoink","type":["Psychic"],"total":330,"hp":60,"attack":25},{"name":"Grumpig","type":["Psychic"],"total":470,"hp":80,"attack":45},{"name":"Spinda","type":["Normal"],"total":360,"hp":60,"attack":60},{"name":"Trapinch","type":["Ground"],"total":290,"hp":45,"attack":100},{"name":"Vibrava","type":["Ground","Dragon"],"total":340,"hp":50,"attack":70},{"name":"Flygon","type":["Ground","Dragon"],"total":520,"hp":80,"attack":100},{"name":"Cacnea","type":["Grass"],"total":335,"hp":50,"attack":85},{"name":"Cacturne","type":["Grass","Dark"],"total":475,"hp":70,"attack":115},{"name":"Swablu","type":["Normal","Flying"],"total":310,"hp":45,"attack":40},{"name":"Altaria","type":["Dragon","Flying"],"total":490,"hp":75,"attack":70},{"name":"AltariaMega Altaria","type":["Dragon","Fairy"],"total":590,"hp":75,"attack":110},{"name":"Zangoose","type":["Normal"],"total":458,"hp":73,"attack":115},{"name":"Seviper","type":["Poison"],"total":458,"hp":73,"attack":100},{"name":"Lunatone","type":["Rock","Psychic"],"total":440,"hp":70,"attack":55},{"name":"Solrock","type":["Rock","Psychic"],"total":440,"hp":70,"attack":95},{"name":"Barboach","type":["Water","Ground"],"total":288,"hp":50,"attack":48},{"name":"Whiscash","type":["Water","Ground"],"total":468,"hp":110,"attack":78},{"name":"Corphish","type":["Water"],"total":308,"hp":43,"attack":80},{"name":"Crawdaunt","type":["Water","Dark"],"total":468,"hp":63,"attack":120},{"name":"Baltoy","type":["Ground","Psychic"],"total":300,"hp":40,"attack":40},{"name":"Claydol","type":["Ground","Psychic"],"total":500,"hp":60,"attack":70},{"name":"Lileep","type":["Rock","Grass"],"total":355,"hp":66,"attack":41},{"name":"Cradily","type":["Rock","Grass"],"total":495,"hp":86,"attack":81},{"name":"Anorith","type":["Rock","Bug"],"total":355,"hp":45,"attack":95},{"name":"Armaldo","type":["Rock","Bug"],"total":495,"hp":75,"attack":125},{"name":"Feebas","type":["Water"],"total":200,"hp":20,"attack":15},{"name":"Milotic","type":["Water"],"total":540,"hp":95,"attack":60},{"name":"Castform","type":["Normal"],"total":420,"hp":70,"attack":70},{"name":"Kecleon","type":["Normal"],"total":440,"hp":60,"attack":90},{"name":"Shuppet","type":["Ghost"],"total":295,"hp":44,"attack":75},{"name":"Banette","type":["Ghost"],"total":455,"hp":64,"attack":115},{"name":"BanetteMega Banette","type":["Ghost"],"total":555,"hp":64,"attack":165},{"name":"Duskull","type":["Ghost"],"total":295,"hp":20,"attack":40},{"name":"Dusclops","type":["Ghost"],"total":455,"hp":40,"attack":70},{"name":"Tropius","type":["Grass","Flying"],"total":460,"hp":99,"attack":68},{"name":"Chimecho","type":["Psychic"],"total":425,"hp":65,"attack":50},{"name":"Absol","type":["Dark"],"total":465,"hp":65,"attack":130},{"name":"AbsolMega Absol","type":["Dark"],"total":565,"hp":65,"attack":150},{"name":"Wynaut","type":["Psychic"],"total":260,"hp":95,"attack":23},{"name":"Snorunt","type":["Ice"],"total":300,"hp":50,"attack":50},{"name":"Glalie","type":["Ice"],"total":480,"hp":80,"attack":80},{"name":"GlalieMega Glalie","type":["Ice"],"total":580,"hp":80,"attack":120},{"name":"Spheal","type":["Ice","Water"],"total":290,"hp":70,"attack":40},{"name":"Sealeo","type":["Ice","Water"],"total":410,"hp":90,"attack":60},{"name":"Walrein","type":["Ice","Water"],"total":530,"hp":110,"attack":80},{"name":"Clamperl","type":["Water"],"total":345,"hp":35,"attack":64},{"name":"Huntail","type":["Water"],"total":485,"hp":55,"attack":104},{"name":"Gorebyss","type":["Water"],"total":485,"hp":55,"attack":84},{"name":"Relicanth","type":["Water","Rock"],"total":485,"hp":100,"attack":90},{"name":"Luvdisc","type":["Water"],"total":330,"hp":43,"attack":30},{"name":"Bagon","type":["Dragon"],"total":300,"hp":45,"attack":75},{"name":"Shelgon","type":["Dragon"],"total":420,"hp":65,"attack":95},{"name":"Salamence","type":["Dragon","Flying"],"total":600,"hp":95,"attack":135},{"name":"SalamenceMega Salamence","type":["Dragon","Flying"],"total":700,"hp":95,"attack":145},{"name":"Beldum","type":["Steel","Psychic"],"total":300,"hp":40,"attack":55},{"name":"Metang","type":["Steel","Psychic"],"total":420,"hp":60,"attack":75},{"name":"Metagross","type":["Steel","Psychic"],"total":600,"hp":80,"attack":135},{"name":"MetagrossMega Metagross","type":["Steel","Psychic"],"total":700,"hp":80,"attack":145},{"name":"Regirock","type":["Rock"],"total":580,"hp":80,"attack":100},{"name":"Regice","type":["Ice"],"total":580,"hp":80,"attack":50},{"name":"Registeel","type":["Steel"],"total":580,"hp":80,"attack":75},{"name":"Latias","type":["Dragon","Psychic"],"total":600,"hp":80,"attack":80},{"name":"LatiasMega Latias","type":["Dragon","Psychic"],"total":700,"hp":80,"attack":100},{"name":"Latios","type":["Dragon","Psychic"],"total":600,"hp":80,"attack":90},{"name":"LatiosMega Latios","type":["Dragon","Psychic"],"total":700,"hp":80,"attack":130},{"name":"Kyogre","type":["Water"],"total":670,"hp":100,"attack":100},{"name":"KyogrePrimal Kyogre","type":["Water"],"total":770,"hp":100,"attack":150},{"name":"Groudon","type":["Ground"],"total":670,"hp":100,"attack":150},{"name":"GroudonPrimal Groudon","type":["Ground","Fire"],"total":770,"hp":100,"attack":180},{"name":"Rayquaza","type":["Dragon","Flying"],"total":680,"hp":105,"attack":150},{"name":"RayquazaMega Rayquaza","type":["Dragon","Flying"],"total":780,"hp":105,"attack":180},{"name":"Jirachi","type":["Steel","Psychic"],"total":600,"hp":100,"attack":100},{"name":"DeoxysNormal Forme","type":["Psychic"],"total":600,"hp":50,"attack":150},{"name":"DeoxysAttack Forme","type":["Psychic"],"total":600,"hp":50,"attack":180},{"name":"DeoxysDefense Forme","type":["Psychic"],"total":600,"hp":50,"attack":70},{"name":"DeoxysSpeed Forme","type":["Psychic"],"total":600,"hp":50,"attack":95},{"name":"Turtwig","type":["Grass"],"total":318,"hp":55,"attack":68},{"name":"Grotle","type":["Grass"],"total":405,"hp":75,"attack":89},{"name":"Torterra","type":["Grass","Ground"],"total":525,"hp":95,"attack":109},{"name":"Chimchar","type":["Fire"],"total":309,"hp":44,"attack":58},{"name":"Monferno","type":["Fire","Fighting"],"total":405,"hp":64,"attack":78},{"name":"Infernape","type":["Fire","Fighting"],"total":534,"hp":76,"attack":104},{"name":"Piplup","type":["Water"],"total":314,"hp":53,"attack":51},{"name":"Prinplup","type":["Water"],"total":405,"hp":64,"attack":66},{"name":"Empoleon","type":["Water","Steel"],"total":530,"hp":84,"attack":86},{"name":"Starly","type":["Normal","Flying"],"total":245,"hp":40,"attack":55},{"name":"Staravia","type":["Normal","Flying"],"total":340,"hp":55,"attack":75},{"name":"Staraptor","type":["Normal","Flying"],"total":485,"hp":85,"attack":120},{"name":"Bidoof","type":["Normal"],"total":250,"hp":59,"attack":45},{"name":"Bibarel","type":["Normal","Water"],"total":410,"hp":79,"attack":85},{"name":"Kricketot","type":["Bug"],"total":194,"hp":37,"attack":25},{"name":"Kricketune","type":["Bug"],"total":384,"hp":77,"attack":85},{"name":"Shinx","type":["Electric"],"total":263,"hp":45,"attack":65},{"name":"Luxio","type":["Electric"],"total":363,"hp":60,"attack":85},{"name":"Luxray","type":["Electric"],"total":523,"hp":80,"attack":120},{"name":"Budew","type":["Grass","Poison"],"total":280,"hp":40,"attack":30},{"name":"Roserade","type":["Grass","Poison"],"total":515,"hp":60,"attack":70},{"name":"Cranidos","type":["Rock"],"total":350,"hp":67,"attack":125},{"name":"Rampardos","type":["Rock"],"total":495,"hp":97,"attack":165},{"name":"Shieldon","type":["Rock","Steel"],"total":350,"hp":30,"attack":42},{"name":"Bastiodon","type":["Rock","Steel"],"total":495,"hp":60,"attack":52},{"name":"Burmy","type":["Bug"],"total":224,"hp":40,"attack":29},{"name":"WormadamPlant Cloak","type":["Bug","Grass"],"total":424,"hp":60,"attack":59},{"name":"WormadamSandy Cloak","type":["Bug","Ground"],"total":424,"hp":60,"attack":79},{"name":"WormadamTrash Cloak","type":["Bug","Steel"],"total":424,"hp":60,"attack":69},{"name":"Mothim","type":["Bug","Flying"],"total":424,"hp":70,"attack":94},{"name":"Combee","type":["Bug","Flying"],"total":244,"hp":30,"attack":30},{"name":"Vespiquen","type":["Bug","Flying"],"total":474,"hp":70,"attack":80},{"name":"Pachirisu","type":["Electric"],"total":405,"hp":60,"attack":45},{"name":"Buizel","type":["Water"],"total":330,"hp":55,"attack":65},{"name":"Floatzel","type":["Water"],"total":495,"hp":85,"attack":105},{"name":"Cherubi","type":["Grass"],"total":275,"hp":45,"attack":35},{"name":"Cherrim","type":["Grass"],"total":450,"hp":70,"attack":60},{"name":"Shellos","type":["Water"],"total":325,"hp":76,"attack":48},{"name":"Gastrodon","type":["Water","Ground"],"total":475,"hp":111,"attack":83},{"name":"Ambipom","type":["Normal"],"total":482,"hp":75,"attack":100},{"name":"Drifloon","type":["Ghost","Flying"],"total":348,"hp":90,"attack":50},{"name":"Drifblim","type":["Ghost","Flying"],"total":498,"hp":150,"attack":80},{"name":"Buneary","type":["Normal"],"total":350,"hp":55,"attack":66},{"name":"Lopunny","type":["Normal"],"total":480,"hp":65,"attack":76},{"name":"LopunnyMega Lopunny","type":["Normal","Fighting"],"total":580,"hp":65,"attack":136},{"name":"Mismagius","type":["Ghost"],"total":495,"hp":60,"attack":60},{"name":"Honchkrow","type":["Dark","Flying"],"total":505,"hp":100,"attack":125},{"name":"Glameow","type":["Normal"],"total":310,"hp":49,"attack":55},{"name":"Purugly","type":["Normal"],"total":452,"hp":71,"attack":82},{"name":"Chingling","type":["Psychic"],"total":285,"hp":45,"attack":30},{"name":"Stunky","type":["Poison","Dark"],"total":329,"hp":63,"attack":63},{"name":"Skuntank","type":["Poison","Dark"],"total":479,"hp":103,"attack":93},{"name":"Bronzor","type":["Steel","Psychic"],"total":300,"hp":57,"attack":24},{"name":"Bronzong","type":["Steel","Psychic"],"total":500,"hp":67,"attack":89},{"name":"Bonsly","type":["Rock"],"total":290,"hp":50,"attack":80},{"name":"Mime Jr.","type":["Psychic","Fairy"],"total":310,"hp":20,"attack":25},{"name":"Happiny","type":["Normal"],"total":220,"hp":100,"attack":5},{"name":"Chatot","type":["Normal","Flying"],"total":411,"hp":76,"attack":65},{"name":"Spiritomb","type":["Ghost","Dark"],"total":485,"hp":50,"attack":92},{"name":"Gible","type":["Dragon","Ground"],"total":300,"hp":58,"attack":70},{"name":"Gabite","type":["Dragon","Ground"],"total":410,"hp":68,"attack":90},{"name":"Garchomp","type":["Dragon","Ground"],"total":600,"hp":108,"attack":130},{"name":"GarchompMega Garchomp","type":["Dragon","Ground"],"total":700,"hp":108,"attack":170},{"name":"Munchlax","type":["Normal"],"total":390,"hp":135,"attack":85},{"name":"Riolu","type":["Fighting"],"total":285,"hp":40,"attack":70},{"name":"Lucario","type":["Fighting","Steel"],"total":525,"hp":70,"attack":110},{"name":"LucarioMega Lucario","type":["Fighting","Steel"],"total":625,"hp":70,"attack":145},{"name":"Hippopotas","type":["Ground"],"total":330,"hp":68,"attack":72},{"name":"Hippowdon","type":["Ground"],"total":525,"hp":108,"attack":112},{"name":"Skorupi","type":["Poison","Bug"],"total":330,"hp":40,"attack":50},{"name":"Drapion","type":["Poison","Dark"],"total":500,"hp":70,"attack":90},{"name":"Croagunk","type":["Poison","Fighting"],"total":300,"hp":48,"attack":61},{"name":"Toxicroak","type":["Poison","Fighting"],"total":490,"hp":83,"attack":106},{"name":"Carnivine","type":["Grass"],"total":454,"hp":74,"attack":100},{"name":"Finneon","type":["Water"],"total":330,"hp":49,"attack":49},{"name":"Lumineon","type":["Water"],"total":460,"hp":69,"attack":69},{"name":"Mantyke","type":["Water","Flying"],"total":345,"hp":45,"attack":20},{"name":"Snover","type":["Grass","Ice"],"total":334,"hp":60,"attack":62},{"name":"Abomasnow","type":["Grass","Ice"],"total":494,"hp":90,"attack":92},{"name":"AbomasnowMega Abomasnow","type":["Grass","Ice"],"total":594,"hp":90,"attack":132},{"name":"Weavile","type":["Dark","Ice"],"total":510,"hp":70,"attack":120},{"name":"Magnezone","type":["Electric","Steel"],"total":535,"hp":70,"attack":70},{"name":"Lickilicky","type":["Normal"],"total":515,"hp":110,"attack":85},{"name":"Rhyperior","type":["Ground","Rock"],"total":535,"hp":115,"attack":140},{"name":"Tangrowth","type":["Grass"],"total":535,"hp":100,"attack":100},{"name":"Electivire","type":["Electric"],"total":540,"hp":75,"attack":123},{"name":"Magmortar","type":["Fire"],"total":540,"hp":75,"attack":95},{"name":"Togekiss","type":["Fairy","Flying"],"total":545,"hp":85,"attack":50},{"name":"Yanmega","type":["Bug","Flying"],"total":515,"hp":86,"attack":76},{"name":"Leafeon","type":["Grass"],"total":525,"hp":65,"attack":110},{"name":"Glaceon","type":["Ice"],"total":525,"hp":65,"attack":60},{"name":"Gliscor","type":["Ground","Flying"],"total":510,"hp":75,"attack":95},{"name":"Mamoswine","type":["Ice","Ground"],"total":530,"hp":110,"attack":130},{"name":"Porygon-Z","type":["Normal"],"total":535,"hp":85,"attack":80},{"name":"Gallade","type":["Psychic","Fighting"],"total":518,"hp":68,"attack":125},{"name":"GalladeMega Gallade","type":["Psychic","Fighting"],"total":618,"hp":68,"attack":165},{"name":"Probopass","type":["Rock","Steel"],"total":525,"hp":60,"attack":55},{"name":"Dusknoir","type":["Ghost"],"total":525,"hp":45,"attack":100},{"name":"Froslass","type":["Ice","Ghost"],"total":480,"hp":70,"attack":80},{"name":"Rotom","type":["Electric","Ghost"],"total":440,"hp":50,"attack":50},{"name":"RotomHeat Rotom","type":["Electric","Fire"],"total":520,"hp":50,"attack":65},{"name":"RotomWash Rotom","type":["Electric","Water"],"total":520,"hp":50,"attack":65},{"name":"RotomFrost Rotom","type":["Electric","Ice"],"total":520,"hp":50,"attack":65},{"name":"RotomFan Rotom","type":["Electric","Flying"],"total":520,"hp":50,"attack":65},{"name":"RotomMow Rotom","type":["Electric","Grass"],"total":520,"hp":50,"attack":65},{"name":"Uxie","type":["Psychic"],"total":580,"hp":75,"attack":75},{"name":"Mesprit","type":["Psychic"],"total":580,"hp":80,"attack":105},{"name":"Azelf","type":["Psychic"],"total":580,"hp":75,"attack":125},{"name":"Dialga","type":["Steel","Dragon"],"total":680,"hp":100,"attack":120},{"name":"Palkia","type":["Water","Dragon"],"total":680,"hp":90,"attack":120},{"name":"Heatran","type":["Fire","Steel"],"total":600,"hp":91,"attack":90},{"name":"Regigigas","type":["Normal"],"total":670,"hp":110,"attack":160},{"name":"GiratinaAltered Forme","type":["Ghost","Dragon"],"total":680,"hp":150,"attack":100},{"name":"GiratinaOrigin Forme","type":["Ghost","Dragon"],"total":680,"hp":150,"attack":120},{"name":"Cresselia","type":["Psychic"],"total":600,"hp":120,"attack":70},{"name":"Phione","type":["Water"],"total":480,"hp":80,"attack":80},{"name":"Manaphy","type":["Water"],"total":600,"hp":100,"attack":100},{"name":"Darkrai","type":["Dark"],"total":600,"hp":70,"attack":90},{"name":"ShayminLand Forme","type":["Grass"],"total":600,"hp":100,"attack":100},{"name":"ShayminSky Forme","type":["Grass","Flying"],"total":600,"hp":100,"attack":103},{"name":"Arceus","type":["Normal"],"total":720,"hp":120,"attack":120},{"name":"Victini","type":["Psychic","Fire"],"total":600,"hp":100,"attack":100},{"name":"Snivy","type":["Grass"],"total":308,"hp":45,"attack":45},{"name":"Servine","type":["Grass"],"total":413,"hp":60,"attack":60},{"name":"Serperior","type":["Grass"],"total":528,"hp":75,"attack":75},{"name":"Tepig","type":["Fire"],"total":308,"hp":65,"attack":63},{"name":"Pignite","type":["Fire","Fighting"],"total":418,"hp":90,"attack":93},{"name":"Emboar","type":["Fire","Fighting"],"total":528,"hp":110,"attack":123},{"name":"Oshawott","type":["Water"],"total":308,"hp":55,"attack":55},{"name":"Dewott","type":["Water"],"total":413,"hp":75,"attack":75},{"name":"Samurott","type":["Water"],"total":528,"hp":95,"attack":100},{"name":"Patrat","type":["Normal"],"total":255,"hp":45,"attack":55},{"name":"Watchog","type":["Normal"],"total":420,"hp":60,"attack":85},{"name":"Lillipup","type":["Normal"],"total":275,"hp":45,"attack":60},{"name":"Herdier","type":["Normal"],"total":370,"hp":65,"attack":80},{"name":"Stoutland","type":["Normal"],"total":500,"hp":85,"attack":110},{"name":"Purrloin","type":["Dark"],"total":281,"hp":41,"attack":50},{"name":"Liepard","type":["Dark"],"total":446,"hp":64,"attack":88},{"name":"Pansage","type":["Grass"],"total":316,"hp":50,"attack":53},{"name":"Simisage","type":["Grass"],"total":498,"hp":75,"attack":98},{"name":"Pansear","type":["Fire"],"total":316,"hp":50,"attack":53},{"name":"Simisear","type":["Fire"],"total":498,"hp":75,"attack":98},{"name":"Panpour","type":["Water"],"total":316,"hp":50,"attack":53},{"name":"Simipour","type":["Water"],"total":498,"hp":75,"attack":98},{"name":"Munna","type":["Psychic"],"total":292,"hp":76,"attack":25},{"name":"Musharna","type":["Psychic"],"total":487,"hp":116,"attack":55},{"name":"Pidove","type":["Normal","Flying"],"total":264,"hp":50,"attack":55},{"name":"Tranquill","type":["Normal","Flying"],"total":358,"hp":62,"attack":77},{"name":"Unfezant","type":["Normal","Flying"],"total":488,"hp":80,"attack":115},{"name":"Blitzle","type":["Electric"],"total":295,"hp":45,"attack":60},{"name":"Zebstrika","type":["Electric"],"total":497,"hp":75,"attack":100},{"name":"Roggenrola","type":["Rock"],"total":280,"hp":55,"attack":75},{"name":"Boldore","type":["Rock"],"total":390,"hp":70,"attack":105},{"name":"Gigalith","type":["Rock"],"total":515,"hp":85,"attack":135},{"name":"Woobat","type":["Psychic","Flying"],"total":313,"hp":55,"attack":45},{"name":"Swoobat","type":["Psychic","Flying"],"total":425,"hp":67,"attack":57},{"name":"Drilbur","type":["Ground"],"total":328,"hp":60,"attack":85},{"name":"Excadrill","type":["Ground","Steel"],"total":508,"hp":110,"attack":135},{"name":"Audino","type":["Normal"],"total":445,"hp":103,"attack":60},{"name":"AudinoMega Audino","type":["Normal","Fairy"],"total":545,"hp":103,"attack":60},{"name":"Timburr","type":["Fighting"],"total":305,"hp":75,"attack":80},{"name":"Gurdurr","type":["Fighting"],"total":405,"hp":85,"attack":105},{"name":"Conkeldurr","type":["Fighting"],"total":505,"hp":105,"attack":140},{"name":"Tympole","type":["Water"],"total":294,"hp":50,"attack":50},{"name":"Palpitoad","type":["Water","Ground"],"total":384,"hp":75,"attack":65},{"name":"Seismitoad","type":["Water","Ground"],"total":509,"hp":105,"attack":95},{"name":"Throh","type":["Fighting"],"total":465,"hp":120,"attack":100},{"name":"Sawk","type":["Fighting"],"total":465,"hp":75,"attack":125},{"name":"Sewaddle","type":["Bug","Grass"],"total":310,"hp":45,"attack":53},{"name":"Swadloon","type":["Bug","Grass"],"total":380,"hp":55,"attack":63},{"name":"Leavanny","type":["Bug","Grass"],"total":500,"hp":75,"attack":103},{"name":"Venipede","type":["Bug","Poison"],"total":260,"hp":30,"attack":45},{"name":"Whirlipede","type":["Bug","Poison"],"total":360,"hp":40,"attack":55},{"name":"Scolipede","type":["Bug","Poison"],"total":485,"hp":60,"attack":100},{"name":"Cottonee","type":["Grass","Fairy"],"total":280,"hp":40,"attack":27},{"name":"Whimsicott","type":["Grass","Fairy"],"total":480,"hp":60,"attack":67},{"name":"Petilil","type":["Grass"],"total":280,"hp":45,"attack":35},{"name":"Lilligant","type":["Grass"],"total":480,"hp":70,"attack":60},{"name":"Basculin","type":["Water"],"total":460,"hp":70,"attack":92},{"name":"Sandile","type":["Ground","Dark"],"total":292,"hp":50,"attack":72},{"name":"Krokorok","type":["Ground","Dark"],"total":351,"hp":60,"attack":82},{"name":"Krookodile","type":["Ground","Dark"],"total":519,"hp":95,"attack":117},{"name":"Darumaka","type":["Fire"],"total":315,"hp":70,"attack":90},{"name":"DarmanitanStandard Mode","type":["Fire"],"total":480,"hp":105,"attack":140},{"name":"DarmanitanZen Mode","type":["Fire","Psychic"],"total":540,"hp":105,"attack":30},{"name":"Maractus","type":["Grass"],"total":461,"hp":75,"attack":86},{"name":"Dwebble","type":["Bug","Rock"],"total":325,"hp":50,"attack":65},{"name":"Crustle","type":["Bug","Rock"],"total":475,"hp":70,"attack":95},{"name":"Scraggy","type":["Dark","Fighting"],"total":348,"hp":50,"attack":75},{"name":"Scrafty","type":["Dark","Fighting"],"total":488,"hp":65,"attack":90},{"name":"Sigilyph","type":["Psychic","Flying"],"total":490,"hp":72,"attack":58},{"name":"Yamask","type":["Ghost"],"total":303,"hp":38,"attack":30},{"name":"Cofagrigus","type":["Ghost"],"total":483,"hp":58,"attack":50},{"name":"Tirtouga","type":["Water","Rock"],"total":355,"hp":54,"attack":78},{"name":"Carracosta","type":["Water","Rock"],"total":495,"hp":74,"attack":108},{"name":"Archen","type":["Rock","Flying"],"total":401,"hp":55,"attack":112},{"name":"Archeops","type":["Rock","Flying"],"total":567,"hp":75,"attack":140},{"name":"Trubbish","type":["Poison"],"total":329,"hp":50,"attack":50},{"name":"Garbodor","type":["Poison"],"total":474,"hp":80,"attack":95},{"name":"Zorua","type":["Dark"],"total":330,"hp":40,"attack":65},{"name":"Zoroark","type":["Dark"],"total":510,"hp":60,"attack":105},{"name":"Minccino","type":["Normal"],"total":300,"hp":55,"attack":50},{"name":"Cinccino","type":["Normal"],"total":470,"hp":75,"attack":95},{"name":"Gothita","type":["Psychic"],"total":290,"hp":45,"attack":30},{"name":"Gothorita","type":["Psychic"],"total":390,"hp":60,"attack":45},{"name":"Gothitelle","type":["Psychic"],"total":490,"hp":70,"attack":55},{"name":"Solosis","type":["Psychic"],"total":290,"hp":45,"attack":30},{"name":"Duosion","type":["Psychic"],"total":370,"hp":65,"attack":40},{"name":"Reuniclus","type":["Psychic"],"total":490,"hp":110,"attack":65},{"name":"Ducklett","type":["Water","Flying"],"total":305,"hp":62,"attack":44},{"name":"Swanna","type":["Water","Flying"],"total":473,"hp":75,"attack":87},{"name":"Vanillite","type":["Ice"],"total":305,"hp":36,"attack":50},{"name":"Vanillish","type":["Ice"],"total":395,"hp":51,"attack":65},{"name":"Vanilluxe","type":["Ice"],"total":535,"hp":71,"attack":95},{"name":"Deerling","type":["Normal","Grass"],"total":335,"hp":60,"attack":60},{"name":"Sawsbuck","type":["Normal","Grass"],"total":475,"hp":80,"attack":100},{"name":"Emolga","type":["Electric","Flying"],"total":428,"hp":55,"attack":75},{"name":"Karrablast","type":["Bug"],"total":315,"hp":50,"attack":75},{"name":"Escavalier","type":["Bug","Steel"],"total":495,"hp":70,"attack":135},{"name":"Foongus","type":["Grass","Poison"],"total":294,"hp":69,"attack":55},{"name":"Amoonguss","type":["Grass","Poison"],"total":464,"hp":114,"attack":85},{"name":"Frillish","type":["Water","Ghost"],"total":335,"hp":55,"attack":40},{"name":"Jellicent","type":["Water","Ghost"],"total":480,"hp":100,"attack":60},{"name":"Alomomola","type":["Water"],"total":470,"hp":165,"attack":75},{"name":"Joltik","type":["Bug","Electric"],"total":319,"hp":50,"attack":47},{"name":"Galvantula","type":["Bug","Electric"],"total":472,"hp":70,"attack":77},{"name":"Ferroseed","type":["Grass","Steel"],"total":305,"hp":44,"attack":50},{"name":"Ferrothorn","type":["Grass","Steel"],"total":489,"hp":74,"attack":94},{"name":"Klink","type":["Steel"],"total":300,"hp":40,"attack":55},{"name":"Klang","type":["Steel"],"total":440,"hp":60,"attack":80},{"name":"Klinklang","type":["Steel"],"total":520,"hp":60,"attack":100},{"name":"Tynamo","type":["Electric"],"total":275,"hp":35,"attack":55},{"name":"Eelektrik","type":["Electric"],"total":405,"hp":65,"attack":85},{"name":"Eelektross","type":["Electric"],"total":515,"hp":85,"attack":115},{"name":"Elgyem","type":["Psychic"],"total":335,"hp":55,"attack":55},{"name":"Beheeyem","type":["Psychic"],"total":485,"hp":75,"attack":75},{"name":"Litwick","type":["Ghost","Fire"],"total":275,"hp":50,"attack":30},{"name":"Lampent","type":["Ghost","Fire"],"total":370,"hp":60,"attack":40},{"name":"Chandelure","type":["Ghost","Fire"],"total":520,"hp":60,"attack":55},{"name":"Axew","type":["Dragon"],"total":320,"hp":46,"attack":87},{"name":"Fraxure","type":["Dragon"],"total":410,"hp":66,"attack":117},{"name":"Haxorus","type":["Dragon"],"total":540,"hp":76,"attack":147},{"name":"Cubchoo","type":["Ice"],"total":305,"hp":55,"attack":70},{"name":"Beartic","type":["Ice"],"total":485,"hp":95,"attack":110},{"name":"Cryogonal","type":["Ice"],"total":485,"hp":70,"attack":50},{"name":"Shelmet","type":["Bug"],"total":305,"hp":50,"attack":40},{"name":"Accelgor","type":["Bug"],"total":495,"hp":80,"attack":70},{"name":"Stunfisk","type":["Ground","Electric"],"total":471,"hp":109,"attack":66},{"name":"Mienfoo","type":["Fighting"],"total":350,"hp":45,"attack":85},{"name":"Mienshao","type":["Fighting"],"total":510,"hp":65,"attack":125},{"name":"Druddigon","type":["Dragon"],"total":485,"hp":77,"attack":120},{"name":"Golett","type":["Ground","Ghost"],"total":303,"hp":59,"attack":74},{"name":"Golurk","type":["Ground","Ghost"],"total":483,"hp":89,"attack":124},{"name":"Pawniard","type":["Dark","Steel"],"total":340,"hp":45,"attack":85},{"name":"Bisharp","type":["Dark","Steel"],"total":490,"hp":65,"attack":125},{"name":"Bouffalant","type":["Normal"],"total":490,"hp":95,"attack":110},{"name":"Rufflet","type":["Normal","Flying"],"total":350,"hp":70,"attack":83},{"name":"Braviary","type":["Normal","Flying"],"total":510,"hp":100,"attack":123},{"name":"Vullaby","type":["Dark","Flying"],"total":370,"hp":70,"attack":55},{"name":"Mandibuzz","type":["Dark","Flying"],"total":510,"hp":110,"attack":65},{"name":"Heatmor","type":["Fire"],"total":484,"hp":85,"attack":97},{"name":"Durant","type":["Bug","Steel"],"total":484,"hp":58,"attack":109},{"name":"Deino","type":["Dark","Dragon"],"total":300,"hp":52,"attack":65},{"name":"Zweilous","type":["Dark","Dragon"],"total":420,"hp":72,"attack":85},{"name":"Hydreigon","type":["Dark","Dragon"],"total":600,"hp":92,"attack":105},{"name":"Larvesta","type":["Bug","Fire"],"total":360,"hp":55,"attack":85},{"name":"Volcarona","type":["Bug","Fire"],"total":550,"hp":85,"attack":60},{"name":"Cobalion","type":["Steel","Fighting"],"total":580,"hp":91,"attack":90},{"name":"Terrakion","type":["Rock","Fighting"],"total":580,"hp":91,"attack":129},{"name":"Virizion","type":["Grass","Fighting"],"total":580,"hp":91,"attack":90},{"name":"TornadusIncarnate Forme","type":["Flying"],"total":580,"hp":79,"attack":115},{"name":"TornadusTherian Forme","type":["Flying"],"total":580,"hp":79,"attack":100},{"name":"ThundurusIncarnate Forme","type":["Electric","Flying"],"total":580,"hp":79,"attack":115},{"name":"ThundurusTherian Forme","type":["Electric","Flying"],"total":580,"hp":79,"attack":105},{"name":"Reshiram","type":["Dragon","Fire"],"total":680,"hp":100,"attack":120},{"name":"Zekrom","type":["Dragon","Electric"],"total":680,"hp":100,"attack":150},{"name":"LandorusIncarnate Forme","type":["Ground","Flying"],"total":600,"hp":89,"attack":125},{"name":"LandorusTherian Forme","type":["Ground","Flying"],"total":600,"hp":89,"attack":145},{"name":"Kyurem","type":["Dragon","Ice"],"total":660,"hp":125,"attack":130},{"name":"KyuremBlack Kyurem","type":["Dragon","Ice"],"total":700,"hp":125,"attack":170},{"name":"KyuremWhite Kyurem","type":["Dragon","Ice"],"total":700,"hp":125,"attack":120},{"name":"KeldeoOrdinary Forme","type":["Water","Fighting"],"total":580,"hp":91,"attack":72},{"name":"KeldeoResolute Forme","type":["Water","Fighting"],"total":580,"hp":91,"attack":72},{"name":"MeloettaAria Forme","type":["Normal","Psychic"],"total":600,"hp":100,"attack":77},{"name":"MeloettaPirouette Forme","type":["Normal","Fighting"],"total":600,"hp":100,"attack":128},{"name":"Genesect","type":["Bug","Steel"],"total":600,"hp":71,"attack":120},{"name":"Chespin","type":["Grass"],"total":313,"hp":56,"attack":61},{"name":"Quilladin","type":["Grass"],"total":405,"hp":61,"attack":78},{"name":"Chesnaught","type":["Grass","Fighting"],"total":530,"hp":88,"attack":107},{"name":"Fennekin","type":["Fire"],"total":307,"hp":40,"attack":45},{"name":"Braixen","type":["Fire"],"total":409,"hp":59,"attack":59},{"name":"Delphox","type":["Fire","Psychic"],"total":534,"hp":75,"attack":69},{"name":"Froakie","type":["Water"],"total":314,"hp":41,"attack":56},{"name":"Frogadier","type":["Water"],"total":405,"hp":54,"attack":63},{"name":"Greninja","type":["Water","Dark"],"total":530,"hp":72,"attack":95},{"name":"Bunnelby","type":["Normal"],"total":237,"hp":38,"attack":36},{"name":"Diggersby","type":["Normal","Ground"],"total":423,"hp":85,"attack":56},{"name":"Fletchling","type":["Normal","Flying"],"total":278,"hp":45,"attack":50},{"name":"Fletchinder","type":["Fire","Flying"],"total":382,"hp":62,"attack":73},{"name":"Talonflame","type":["Fire","Flying"],"total":499,"hp":78,"attack":81},{"name":"Scatterbug","type":["Bug"],"total":200,"hp":38,"attack":35},{"name":"Spewpa","type":["Bug"],"total":213,"hp":45,"attack":22},{"name":"Vivillon","type":["Bug","Flying"],"total":411,"hp":80,"attack":52},{"name":"Litleo","type":["Fire","Normal"],"total":369,"hp":62,"attack":50},{"name":"Pyroar","type":["Fire","Normal"],"total":507,"hp":86,"attack":68},{"name":"Flab\u00e9b\u00e9","type":["Fairy"],"total":303,"hp":44,"attack":38},{"name":"Floette","type":["Fairy"],"total":371,"hp":54,"attack":45},{"name":"Florges","type":["Fairy"],"total":552,"hp":78,"attack":65},{"name":"Skiddo","type":["Grass"],"total":350,"hp":66,"attack":65},{"name":"Gogoat","type":["Grass"],"total":531,"hp":123,"attack":100},{"name":"Pancham","type":["Fighting"],"total":348,"hp":67,"attack":82},{"name":"Pangoro","type":["Fighting","Dark"],"total":495,"hp":95,"attack":124},{"name":"Furfrou","type":["Normal"],"total":472,"hp":75,"attack":80},{"name":"Espurr","type":["Psychic"],"total":355,"hp":62,"attack":48},{"name":"MeowsticMale","type":["Psychic"],"total":466,"hp":74,"attack":48},{"name":"MeowsticFemale","type":["Psychic"],"total":466,"hp":74,"attack":48},{"name":"Honedge","type":["Steel","Ghost"],"total":325,"hp":45,"attack":80},{"name":"Doublade","type":["Steel","Ghost"],"total":448,"hp":59,"attack":110},{"name":"AegislashBlade Forme","type":["Steel","Ghost"],"total":520,"hp":60,"attack":150},{"name":"AegislashShield Forme","type":["Steel","Ghost"],"total":520,"hp":60,"attack":50},{"name":"Spritzee","type":["Fairy"],"total":341,"hp":78,"attack":52},{"name":"Aromatisse","type":["Fairy"],"total":462,"hp":101,"attack":72},{"name":"Swirlix","type":["Fairy"],"total":341,"hp":62,"attack":48},{"name":"Slurpuff","type":["Fairy"],"total":480,"hp":82,"attack":80},{"name":"Inkay","type":["Dark","Psychic"],"total":288,"hp":53,"attack":54},{"name":"Malamar","type":["Dark","Psychic"],"total":482,"hp":86,"attack":92},{"name":"Binacle","type":["Rock","Water"],"total":306,"hp":42,"attack":52},{"name":"Barbaracle","type":["Rock","Water"],"total":500,"hp":72,"attack":105},{"name":"Skrelp","type":["Poison","Water"],"total":320,"hp":50,"attack":60},{"name":"Dragalge","type":["Poison","Dragon"],"total":494,"hp":65,"attack":75},{"name":"Clauncher","type":["Water"],"total":330,"hp":50,"attack":53},{"name":"Clawitzer","type":["Water"],"total":500,"hp":71,"attack":73},{"name":"Helioptile","type":["Electric","Normal"],"total":289,"hp":44,"attack":38},{"name":"Heliolisk","type":["Electric","Normal"],"total":481,"hp":62,"attack":55},{"name":"Tyrunt","type":["Rock","Dragon"],"total":362,"hp":58,"attack":89},{"name":"Tyrantrum","type":["Rock","Dragon"],"total":521,"hp":82,"attack":121},{"name":"Amaura","type":["Rock","Ice"],"total":362,"hp":77,"attack":59},{"name":"Aurorus","type":["Rock","Ice"],"total":521,"hp":123,"attack":77},{"name":"Sylveon","type":["Fairy"],"total":525,"hp":95,"attack":65},{"name":"Hawlucha","type":["Fighting","Flying"],"total":500,"hp":78,"attack":92},{"name":"Dedenne","type":["Electric","Fairy"],"total":431,"hp":67,"attack":58},{"name":"Carbink","type":["Rock","Fairy"],"total":500,"hp":50,"attack":50},{"name":"Goomy","type":["Dragon"],"total":300,"hp":45,"attack":50},{"name":"Sliggoo","type":["Dragon"],"total":452,"hp":68,"attack":75},{"name":"Goodra","type":["Dragon"],"total":600,"hp":90,"attack":100},{"name":"Klefki","type":["Steel","Fairy"],"total":470,"hp":57,"attack":80},{"name":"Phantump","type":["Ghost","Grass"],"total":309,"hp":43,"attack":70},{"name":"Trevenant","type":["Ghost","Grass"],"total":474,"hp":85,"attack":110},{"name":"PumpkabooAverage Size","type":["Ghost","Grass"],"total":335,"hp":49,"attack":66},{"name":"PumpkabooSmall Size","type":["Ghost","Grass"],"total":335,"hp":44,"attack":66},{"name":"PumpkabooLarge Size","type":["Ghost","Grass"],"total":335,"hp":54,"attack":66},{"name":"PumpkabooSuper Size","type":["Ghost","Grass"],"total":335,"hp":59,"attack":66},{"name":"GourgeistAverage Size","type":["Ghost","Grass"],"total":494,"hp":65,"attack":90},{"name":"GourgeistSmall Size","type":["Ghost","Grass"],"total":494,"hp":55,"attack":85},{"name":"GourgeistLarge Size","type":["Ghost","Grass"],"total":494,"hp":75,"attack":95},{"name":"GourgeistSuper Size","type":["Ghost","Grass"],"total":494,"hp":85,"attack":100},{"name":"Bergmite","type":["Ice"],"total":304,"hp":55,"attack":69},{"name":"Avalugg","type":["Ice"],"total":514,"hp":95,"attack":117},{"name":"Noibat","type":["Flying","Dragon"],"total":245,"hp":40,"attack":30},{"name":"Noivern","type":["Flying","Dragon"],"total":535,"hp":85,"attack":70},{"name":"Xerneas","type":["Fairy"],"total":680,"hp":126,"attack":131},{"name":"Yveltal","type":["Dark","Flying"],"total":680,"hp":126,"attack":131},{"name":"Zygarde50% Forme","type":["Dragon","Ground"],"total":600,"hp":108,"attack":100},{"name":"Diancie","type":["Rock","Fairy"],"total":600,"hp":50,"attack":100},{"name":"DiancieMega Diancie","type":["Rock","Fairy"],"total":700,"hp":50,"attack":160},{"name":"HoopaHoopa Confined","type":["Psychic","Ghost"],"total":600,"hp":80,"attack":110},{"name":"HoopaHoopa Unbound","type":["Psychic","Dark"],"total":680,"hp":80,"attack":160},{"name":"Volcanion","type":["Fire","Water"],"total":600,"hp":80,"attack":110}]