label,review,SentiLabel,SentiScore
0,味道一般，酸辣土豆丝酸的没法吃。。。肝尖也做的一般,NA,
0,订的菜没有了，换了个便宜的菜，说了多退少补，结果没把钱给我退回来。诚信很有问题。锅包肉又硬又粘牙，酸的一B。再也不会点这家了。,NA,
0,"太慢,太慢,太慢,不好吃",NA,
0,商家距离近，但速度太慢，饼子都凉了。,NA,
0,久久鸭的口味偏颇，辣味不是很浓。总体而言还行。但是没有餐具，虽然我的单里说明要餐具了，这是一个遗憾！不过送餐速度很快！,NA,
1,速度很快，奶茶也都封口了就不会撒出来,NA,
0,外送员一直在抽烟，不送到大厦门口而是停在马路边等客人自己走过去拿。,NA,
1,下次还点！,NA,
1,送餐有点慢，但是味道不错。,neutral,-0.48639775615632463
0,永远不看备注,NA,
0,还可以，附赠了手套和纸巾,NA,
0,还能比这速度更慢吗？,NA,
0,没在我要求的时间送到，到家吃的时候都凉了。这已经是第二次了。,NA,
0,这种包装盒还敢收那么贵！饭都压瘪了，油太大！不推荐。,NA,
0,等了两个半小时才到。,NA,
0,送餐极慢！,neg,-1.0
0,差评！！！！真的差评！！！！送来的时候都凉了，沾在一起了，调味包也撒了，味道也不好！！！！真是难吃！！！！,NA,
0,拿来的花卷儿时一个月前的花卷儿吧，咬都咬不动,NA,
0,好多都没有干豆腐肉燕鸭血年糕还有三四样都没有,positive,0.5420683717965912
0,"肥肉太多！送餐太慢,不会订了",NA,
0,"洒了好多,手提袋上也洒的都是",NA,
0,还好，一般,NA,
1,外卖小哥送的超快！点赞！,positive,-0.5197248609732203
0,有点慢啊，，和图片不符合，吃起来一般,NA,
0,粥还可以，凉菜一般。,neutral,-0.246518
0,送餐速度慢，打包盒里全是散的粥,NA,
0,菜量太少了，不够配米饭的,NA,
0,点的超辣，结果是不辣的，而且等了一个多小时才到。真忍了。,NA,
0,感觉汉堡时间有点长了，外卖品质就是没有堂食的好,NA,
0,等了一个半小时，收到时已经饿晕了，关键点的香菇鸡肉卷还不好吃。。,NA,
1,味道很好，吃起来也方便～,good,0.65415
0,非常差！太垃圾了今天,超垃圾,-1.0
0,说好的是鸡蛋，结果送过来的是香肠！而且都是冷的！！！严重差评，也就1公里不到的距离，送了那么久。。。,NA,
1,服务态度很好。,NA,
0,可以给带吸管吗？不然星冰乐怎么喝…,NA,
1,这饺子皮薄陷大，味道很棒，送过来还热腾腾的，百度骑士风一样速度，感谢店家，感谢骑士！,NA,
0,电话没人接，至少迟送了4个小时，以后再也不会买了！幸亏不特别饿，要不会饿死！！！,NA,
1,很快，还送了礼物,NA,
1,大哥赶紧给我送饭吧，我都等了一个多小时了。,NA,
1,感觉是秒到啊,NA,
1,"不错的,味道可以,就是凉了",NA,
1,很热乎，送货超级快，好评,NA,
0,科大这两步路送了一个多小时，啥也不说了，再也不见,NA,
0,等了一个多小时也就算了，粥撒了一半，袋子里面糊成一片！还让人怎么吃！！！！送餐的大爷态度还行,NA,
0,第一，这个系统怎么回事？明明12:50才送到，下方黄字系统写的11:52到达。第二，这次包装很不妥，饮料把菜盒压扁，菜汤粘了饮料半罐，送的餐巾纸是用来擦这菜汤的吗？第三，米饭很一般。,NA,
1,不脆了可惜,NA,
1,"方便快捷,服务好,谢谢",方便快捷,-1.0
1,肉太多肥的了，选鸡肉或者牛肉的好了,NA,
1,"还挺快的～,味道也不错。赞",NA,
1,盖饭没给筷子啊，给了俩手套。。。。,NA,
0,此次送餐时间还算迅捷，可惜原来的20-13活动咋不继续了呢？,NA,
0,"土豆丝卷小了一倍,送餐速度巨慢,而且距离很近很近",NA,
0,"给了半盒子海带,不是人吃的东西",NA,
1,抄手很难吃，慎点，巧手大拌菜推荐，真的不错,NA,
1,迫不及待的打开，没有让我失望哦！真的太好吃了！送餐人员服务态度特别好，赞一个！满意！,NA,
0,等了快两个小时。。。都饿晕了再也不会用这家，没有筷子没有餐巾纸米饭也是随便盛的,neg,-1.0
0,配送时间超长，眼看着送货员在望京转悠了几圈，最后才送来，还没送到地方就把单子结算了，显示配送成功了，豆腐脑全撒了，满袋子都是汤，煎饼已经冰凉了，一口都没吃都扔了。用了这么久百度外卖第一次差评，实在是太不满意了。,NA,
1,外卖，师傅都一级棒。师傅还主动帮忙帮我把垃圾带下去，太贴心了。,positive,0.986436
1,不错很好吃,NA,
1,送货人员服务很好，迅速及时，菜品口味很好,NA,
1,上次少的粥我在备注里写了，果真送到了。,NA,
0,里面粥盒碎的，粥全撒了；只剩卷饼淹没在粥当中……,"soup fell over the bowls,the whole plate went out of soup and only bread smelt in the soup...",-0.872
0,很一般，卷饼是死面的，较厚，吃不惯,negative,-0.98
1,送餐员王昭晖很努力，态度很好，好评,NA,
1,豆浆撒的有点儿严重……,NA,
1,宇宙卷饼非常棒,NA,
0,草他吗特别不干净给我吃拉稀了草他妈的，,NA,
1,孩子非常喜欢，尤其是草莓甜饼还会再来,positive,0.9832514367130687
1,还蛮好吃的呢！辣白菜有点儿咸,NA,
0,配送比较慢（不是高峰时间点的结果1个多小时才送到）；菜品备注了“老人吃请少油少盐”，结果还是很咸很油，哎…失望,NA,
1,师傅辛苦，很准时，点赞！,NA,
1,送单很快，菜也不错赞,NA,
1,很好吃，送的及时，下回还点,NA,
1,第一次用，感觉很好！,NA,
1,靠谱的一家,NA,
1,"好吃,干净,肘子的肥肉也不腻。百度活动给力,一百分",NA,
1,觉得很好，味道不会很重很油腻，肯定不是地沟油。,NA,
0,备注写的很清楚饮料芬达不加冰，结果可乐还是加冰的，还没有管，怎么喝！要的套餐，薯条没有番茄酱，真心无语了！能不能用点心，谢谢！,NA,
0,味道不错，但是送餐第一次十一点45送的，我们定了4份，只送了一份，剩下的三份是12点10分送的,NA,
0,"等了俩小时,太tm慢了,卷饼倒还行",NA,
0,都撒了，感觉脏兮兮的,NA,
0,"感觉非常不实惠。,拌饭里面的各色菜只有一点点点儿，豆芽可以用几根来数。,只能吃到辣椒酱的味道，吃过正一味多次，口味最差的一次。,一听装可口可乐就是“7元饮料”。,如果不是这次送餐很快，真想给你一星或负星。",NA,
0,换菜了，说不放辣还放，什么意思,NA,
0,老汤捞饭味道有点奇怪，有点咸,NA,
1,骑士送货非常快！很满意,NA,
0,这个时候我等得睡着了，做了个梦：餐到了,NA,
1,还不错啊！很便宜！下次还买,NA,
1,好吃，好吃，送得送得很快,NA,
1,整体不辣，粥的味道也可以，料很足,NA,
1,"送餐超快,面不坨,味道好",NA,
0,配送没问题，但商家没有给发票，请补一下给我,NA,
1,味道不错，快递师傅赞赞哒,NA,
0,速度快，态度好,NA,
1,挺精致的午餐、百度快递不错、很快！,NA,
1,包装好棒啊,NA,
0,越做越难吃！还贵的要死,NA,
0,快递是卡着点来的，还有5分钟就半价了，我也是醉了,NA,
0,难吃死了不会再来，最差劲的韩餐,bad,-1.0
0,订单被取消了两次,NA,
1,几乎天天都喝,NA,
0,"太慢了,等了1个半小时",NA,
1,炒饭配肉，有点腻,NA,
0,点的岩盐芝士可可和奥利奥奶茶，送来的两个全错了！,NA,
1,"送餐特别快,态度也好,辛苦啦",NA,
0,刚取到，先来个差评，12点35分送到，以后果断不订了,NA,
1,"送餐简直是坐火箭来的,太快啦。送餐小哥很热情。非常满意",NA,
1,送餐有够慢，说是一个小时，结果快两个小时才到，我总觉得是商家一个小时才出餐，送餐时间也长,NA,
1,可能是第一次来，送的比较慢，还好。,NA,
1,送餐的大叔非常好,NA,
0,油豆皮没送,NA,
0,非常非常差，时间太长，味道不好，吃了第二天早上蹲了一上午厕所，食物中毒。,NA,
0,真难吃，肉上还有毛,NA,
0,我就想问问，我定的东西给送到了火星吗？？？？？我现在还饿着肚子，这是什么节奏！！！！根本，完全，彻底的没有送来，还收了我的银子，你们什么情况！！！！！,NA,
1,"奶茶虽然有点洒,但送餐小哥速度很快,面也不错,给个好评吧",NA,
0,好难吃的秋葵菜,NA,
0,"猪肉,好吗,哎,不说啥了",NA,
0,"米饭4盒。,为神马变成2盒。,4个人怎么吃。,合到一起也不先问一下",neg,-0.3918
1,离我们远点55分钟送到的，可以理解，饼和粥都不错,NA,
0,订单量大送的慢可以理解，可是怎么可以忘了给我放荤菜，而且留言里说了不要鱼豆腐和豆芽，还是放了一大把，太倒胃口了,NA,
1,就是一点凉了,NA,
1,还不错~~包装袋子特别棒！还送的有一次性拼图~,NA,
0,"不好吃,很不好吃",bad,-1.0
1,非常喜欢味道不错，辛苦了！,good,0.5
0,肝有点味不对了，倒了,NA,
0,没发票，乱收费，订单没到就被完成了,NA,
1,"每次都买珍珠奶茶,很好喝,送餐速度也快！推荐购买",NA,
0,"今天的实在不够恭维，盒子都烂了到处都是，你说还能吃吗？,送餐时间更是离谱过了送餐时间一小时.,等了快两个小时",NA,
0,"没货的的餐点还往上挂,下单了快1个小时了才打电话说玫瑰饼没了,态度还差劲得要死",NA,
1,不错，肉多,NA,
0,差评！辣白菜五花肉石锅拌饭超级难吃！五花肉又硬又难吃，感觉不新鲜。以后再也不会吃这家店了,NA,
1,很快，师傅很好，很快就送到了,NA,
0,饼特别硬，肉特别干一点味道都没有,NA,
0,送餐时间太慢了，打了五六个电话都没啥反馈。说是4点50能送，整整迟了一个多小时,NA,
1,味道很好，米饭软硬也刚刚好。,good,1.0
0,两小时送到简直没谁了,NA,
0,继续没有清河店好，不理解。味道差巨太大了。下次不再光顾,NA,
0,很不好吃，不知道为什么,NA,
1,经济实惠还好吃,NA,
1,送餐非常快，味道也很好吃，薏米水有味道不甜不淡，夏天多喝除湿，正好～,NA,
0,"这个非常的不行啊,，，，我说的12点15送到,结果11送到的,公司的人都在工作,影响非常的不好啊",NA,
0,酱油太多，黑哇哇的，要的地瓜都没有看到！,NA,
0,以前几乎天天吃，现在调料什么都不放，,NA,
0,煎饼难吃死了。冒菜一点不辣巨麻，全都是花椒。也巨难吃。以后绝对不会吃了。,NA,
1,非常神速，就是有点咸了,NA,
0,送了快两小时才到！！,NA,
0,"粥太难喝了,有股馊味",poorly,-1.0
0,送到的时间很晚，影响了正常工作时间,NA,
0,"送餐员非常不用心！！！！,13：15到的订单，11：45就到了。好心收了吧，发现塑料袋直接就堆在地上了，人直愣愣的站在地上！不说卫生的问题，没有恒温包装，你吃凉的饭吗？！,从来没有这样的经历，感觉你真的不配做这个工作！！,对送餐员非常不满意！！！,如果送餐员是百度的，我要考虑换app,如果是商家的，再好吃也不订了！",NA,
1,少送了一份南瓜羹，不过后来很快补送了，超爱,NA,
1,不错，挺快的,NA,
0,送餐时间还是比较久,NA,
0,经常取消订单无法配送,NA,
1,好服务，好菜品，非常好！就是一荤一素里面的蔬菜比期望的少一点，另外，送餐费太高、能否降一降,NA,
0,全是蘑菇看不见牛肉,NA,
1,很好哦，不要米饭给送了沙拉，谢谢,NA,
0,注明了不放香菜，结果送来满满的全是香菜。带汤的面条，汤和面没分开盛放，送来直接全糊了，今天注定要饿肚子了，28块钱2个多小时等待打水漂了，差到极致的外卖！！！！！,NA,
1,大冷天辛苦快递大哥了。,NA,
1,还好，就是送的有点慢，饼都没有嚼劲了。,NA,
1,"味道不错,速度也很快",好,1.0
0,"太咸了,味道可以,但真的是喉的难受呀,不推荐购买",NA,
0,真难吃！来了粥全抠了！也不带餐巾纸！咸菜牙碜！粥枣核个牙！,negative,-0.98
1,图片供参考,NA,
1,好吃，天气冷叫外卖很方便,NA,
0,送餐时间太慢，有待加速，餐送到的时候已经冷了,NA,
0,汤送错了！送的海带汤！,eat,-1.0
1,包装精美，味道可以，赞,NA,
0,送餐慢，13:40才送到，点的两样菜都不值得推荐,NA,
1,袋子简直是传递正能量的天使啊～要是能送得再快一点就好了～饿的下巴要掉了～,NA,
1,不错，下次还会再买的,NA,
1,东西不错，就是慢点,NA,
0,要的腐竹，给我的木耳,neutral,-0.139
1,超好吃，最爱，棒棒哒，都不用自己出门,NA,
1,送餐大哥神速啊。一定要,NA,
1,"家常土豆丝是我喜欢的口味,榄菜四季豆好次,感谢百度小骑士喔,辛苦辛苦",NA,
0,等了2个小时没送来，上班了才送来，退款很慢,NA,
1,毛血旺辣度正合适，料很足，比眉州的性价比更高,NA,
1,"鸡柳这个挺实在的,就是炸的,略腻",NA,
0,要是有醋就好了，另外买了粥没勺子不能忍！,NA,
1,非常好，特别快，感谢送餐小哥,NA,
1,味道一般。没有想象的好吃。,good,-1.0
1,送的挺快的，然而并没有想象中的那么好吃,NA,
1,送餐好快啊,NA,
0,牛肉面送到已经变成面块了，时间太长了，这也就算了，更可气的是牛肉面里有头发，以后再也不会吃了,NA,
1,菜不错，但送的实在太慢了……,NA,
1,挺好的也挺快，味道不错！送餐小伙态度极好！,NA,
0,非常一般，还不给够发票,NA,
1,挺不错的，快递员找了好久才找到，很辛苦,NA,
0,态度非常好，送晚了主动送了两瓶王老吉,NA,
1,比别家鸡排小,NA,
0,今天菜品普遍反应较差，好几个同事一起订，结果都说很失望，特别是荤菜差太多，希望店家多考虑一下吃货们的感觉…期待下次就餐能有所改善，谢谢!,NA,
0,"1、土豆肉丝卷饼,就几根肉丝，我特么去饭店点个土豆肉丝也不至于这样啊,2、飘香肘子卷饼也是那艹型，这是坑害消费者是吗,3’第一次非常实惠，这第二次订餐简直是噩梦。我和朋友说这家卷饼非常实惠，直接打脸,4、定了一个盖饭香菇鸡肉，原来是特么圆盒非常有食欲，现在一个普通的垃圾小方盒，饭菜在一起，还不如成都小吃的一盒饭一盒菜,呼吁大家千万不要吃，人家是越做越好，这是越来越差！！！还坑害消费者！",NA,
1,送餐员态度特别好，嗯嗯,good,1.0
0,太不靠谱、说让带辣椒油结果没带！,NA,
0,快递很好。穿心莲一半都是坏的！一半绿，一半是烂菜叶子的黄色，没法吃！再也不在这里定外卖了！伤心！,NA,
0,这个馋嘴蛙里还有米饭粒呢，太恶心了，我都担心把大家吃坏肚子，大还半生不熟呢，这种质量对消费者能有回头客吗？,NA,
0,"两个小时才送到,我是真苦了",swe,-1.0
1,晚了半小时左右吧……不过最近这么冷还是辛苦了，估计大家都不想出门吧。超级好吃！推荐！,NA,
0,没吃过这么难吃的水煮牛肉，刚送来吃一口就扔了。有股膻味,NA,
0,送餐慢，肉少，味道不好,good,-1.0
0,"下错单了,不过冷面味道不错,但是没有给我小菜",NA,
