label,review,SentiLabel,SentiScore
0,味道一般，酸辣土豆丝酸的没法吃。。。肝尖也做的一般,neg,0.285714
0,订的菜没有了，换了个便宜的菜，说了多退少补，结果没把钱给我退回来。诚信很有问题。锅包肉又硬又粘牙，酸的一B。再也不会点这家了。,neg,3.5
0,"太慢,太慢,太慢,不好吃",neg,0.34
0,商家距离近，但速度太慢，饼子都凉了。,neg,0.25
0,久久鸭的口味偏颇，辣味不是很浓。总体而言还行。但是没有餐具，虽然我的单里说明要餐具了，这是一个遗憾！不过送餐速度很快！,neg,0.4093
1,速度很快，奶茶也都封口了就不会撒出来,neutral,0.0
0,外送员一直在抽烟，不送到大厦门口而是停在马路边等客人自己走过去拿。,neg,0.33
1,下次还点！,POSITIVE,0.6281345797886223
1,送餐有点慢，但是味道不错。,neutral,-0.1524786934582041
0,永远不看备注,neg,0.578260839494541
0,还可以，附赠了手套和纸巾,neu,0.15925486731417834
0,还能比这速度更慢吗？,neutral,0.0
0,没在我要求的时间送到，到家吃的时候都凉了。这已经是第二次了。,neg,1.0
0,这种包装盒还敢收那么贵！饭都压瘪了，油太大！不推荐。,neg,-0.9375
0,等了两个半小时才到。,NEG,-0.1956432437866429
0,送餐极慢！,neg,0.0
0,差评！！！！真的差评！！！！送来的时候都凉了，沾在一起了，调味包也撒了，味道也不好！！！！真是难吃！！！！,neg,1.0
0,拿来的花卷儿时一个月前的花卷儿吧，咬都咬不动,neg,0.942857142857143
0,好多都没有干豆腐肉燕鸭血年糕还有三四样都没有,neg,0.2486935172731147
0,"肥肉太多！送餐太慢,不会订了",neg,0.342857
0,"洒了好多,手提袋上也洒的都是",neg,1.0
0,还好，一般,Pos,0.6754
1,外卖小哥送的超快！点赞！,pos,1.0
0,有点慢啊，，和图片不符合，吃起来一般,Neutral,0.4167
0,粥还可以，凉菜一般。,NEUTRAL,0.29183713
0,送餐速度慢，打包盒里全是散的粥,neg,0.4861923745363071
0,菜量太少了，不够配米饭的,NEG,0.362745
0,点的超辣，结果是不辣的，而且等了一个多小时才到。真忍了。,neg,0.75416
0,感觉汉堡时间有点长了，外卖品质就是没有堂食的好,neg,-0.1493876527100359
0,等了一个半小时，收到时已经饿晕了，关键点的香菇鸡肉卷还不好吃。。,neg,2.754078
1,味道很好，吃起来也方便～,pos,0.976458826239317
0,非常差！太垃圾了今天,neg,-1.0
0,说好的是鸡蛋，结果送过来的是香肠！而且都是冷的！！！严重差评，也就1公里不到的距离，送了那么久。。。,neg,5.0
1,服务态度很好。,pos,0.8247218693509095
0,可以给带吸管吗？不然星冰乐怎么喝…,NE,0.0
1,这饺子皮薄陷大，味道很棒，送过来还热腾腾的，百度骑士风一样速度，感谢店家，感谢骑士！,neutral,-0.1760421938563099
0,电话没人接，至少迟送了4个小时，以后再也不会买了！幸亏不特别饿，要不会饿死！！！,neg,1.0
1,很快，还送了礼物,pos,0.75
1,大哥赶紧给我送饭吧，我都等了一个多小时了。,NEG,0.7841957
1,感觉是秒到啊,positive,1.0
1,"不错的,味道可以,就是凉了",compound,0.295536
1,很热乎，送货超级快，好评,neg,0.0
0,科大这两步路送了一个多小时，啥也不说了，再也不见,neg,1.0
0,等了一个多小时也就算了，粥撒了一半，袋子里面糊成一片！还让人怎么吃！！！！送餐的大爷态度还行,neg,0.159608257381207
0,第一，这个系统怎么回事？明明12:50才送到，下方黄字系统写的11:52到达。第二，这次包装很不妥，饮料把菜盒压扁，菜汤粘了饮料半罐，送的餐巾纸是用来擦这菜汤的吗？第三，米饭很一般。,neg,0.6944236307816005
1,不脆了可惜,NEG,1.2846450937402336
1,"方便快捷,服务好,谢谢",neu,0.0
1,肉太多肥的了，选鸡肉或者牛肉的好了,neg,0.184726
1,"还挺快的～,味道也不错。赞",neu,0.5416666666666669
1,盖饭没给筷子啊，给了俩手套。。。。,neg,-0.2759
0,此次送餐时间还算迅捷，可惜原来的20-13活动咋不继续了呢？,neutral,0.0
0,"土豆丝卷小了一倍,送餐速度巨慢,而且距离很近很近",neg,1.0
0,"给了半盒子海带,不是人吃的东西",NEG,0.34
1,抄手很难吃，慎点，巧手大拌菜推荐，真的不错,neg,-0.52846715
1,迫不及待的打开，没有让我失望哦！真的太好吃了！送餐人员服务态度特别好，赞一个！满意！,pos,1.0
0,等了快两个小时。。。都饿晕了再也不会用这家，没有筷子没有餐巾纸米饭也是随便盛的,neg,1.0
0,配送时间超长，眼看着送货员在望京转悠了几圈，最后才送来，还没送到地方就把单子结算了，显示配送成功了，豆腐脑全撒了，满袋子都是汤，煎饼已经冰凉了，一口都没吃都扔了。用了这么久百度外卖第一次差评，实在是太不满意了。,neg,0.675184
1,外卖，师傅都一级棒。师傅还主动帮忙帮我把垃圾带下去，太贴心了。,pos,4.0
1,不错很好吃,pos,0.8125
1,送货人员服务很好，迅速及时，菜品口味很好,neu,0.19546328167739174
1,上次少的粥我在备注里写了，果真送到了。,Pos,1.0
0,里面粥盒碎的，粥全撒了；只剩卷饼淹没在粥当中……,neg,0.3125
0,很一般，卷饼是死面的，较厚，吃不惯,neg,0.275248895
1,送餐员王昭晖很努力，态度很好，好评,neutral,0.0
1,豆浆撒的有点儿严重……,,-0.2578643734900956
1,宇宙卷饼非常棒,positive,0.8367346938779521
0,草他吗特别不干净给我吃拉稀了草他妈的，,neg,0.0
1,孩子非常喜欢，尤其是草莓甜饼还会再来,pos,1.0
1,还蛮好吃的呢！辣白菜有点儿咸,neutral,0.0
0,配送比较慢（不是高峰时间点的结果1个多小时才送到）；菜品备注了“老人吃请少油少盐”，结果还是很咸很油，哎…失望,neg,2.142857143
1,师傅辛苦，很准时，点赞！,pos,1.0
1,送单很快，菜也不错赞,neutral,0.52381
1,很好吃，送的及时，下回还点,pos,1.0
1,第一次用，感觉很好！,pos,1.0
1,靠谱的一家,Positive,1.0
1,"好吃,干净,肘子的肥肉也不腻。百度活动给力,一百分",pos,0.83125
1,觉得很好，味道不会很重很油腻，肯定不是地沟油。,positive,0.947619
0,备注写的很清楚饮料芬达不加冰，结果可乐还是加冰的，还没有管，怎么喝！要的套餐，薯条没有番茄酱，真心无语了！能不能用点心，谢谢！,neg,1.5
0,味道不错，但是送餐第一次十一点45送的，我们定了4份，只送了一份，剩下的三份是12点10分送的,neu,0.0
0,"等了俩小时,太tm慢了,卷饼倒还行",NEG,0.03452381
0,都撒了，感觉脏兮兮的,neg,0.8954375
0,"感觉非常不实惠。,拌饭里面的各色菜只有一点点点儿，豆芽可以用几根来数。,只能吃到辣椒酱的味道，吃过正一味多次，口味最差的一次。,一听装可口可乐就是“7元饮料”。,如果不是这次送餐很快，真想给你一星或负星。",neg,1.4
0,换菜了，说不放辣还放，什么意思,neutral,0.0
0,老汤捞饭味道有点奇怪，有点咸,neg,0.2143
1,骑士送货非常快！很满意,pos,1.0
0,这个时候我等得睡着了，做了个梦：餐到了,neu,0.175428
1,还不错啊！很便宜！下次还买,Pos,1.0
1,好吃，好吃，送得送得很快,pos,4.0
1,整体不辣，粥的味道也可以，料很足,neutral,0.15748
1,"送餐超快,面不坨,味道好",neutral,0.5789473684210527
0,配送没问题，但商家没有给发票，请补一下给我,neutral,0.0
1,味道不错，快递师傅赞赞哒,pos,0.875
0,速度快，态度好,neutral,0.142857
1,挺精致的午餐、百度快递不错、很快！,neutral,0.5
1,包装好棒啊,neu,0.549831
0,越做越难吃！还贵的要死,neg,1.0
0,快递是卡着点来的，还有5分钟就半价了，我也是醉了,pos,4.0
0,难吃死了不会再来，最差劲的韩餐,neg,-1.0
0,订单被取消了两次,neg,0.11574
1,几乎天天都喝,neutral,0.24961813
0,"太慢了,等了1个半小时",neg,1.0
1,炒饭配肉，有点腻,pos,0.9824517636
0,点的岩盐芝士可可和奥利奥奶茶，送来的两个全错了！,neg,0.615384
1,"送餐特别快,态度也好,辛苦啦",neutral,0.5
0,刚取到，先来个差评，12点35分送到，以后果断不订了,neg,-0.48
1,"送餐简直是坐火箭来的,太快啦。送餐小哥很热情。非常满意",pos,1.0
1,送餐有够慢，说是一个小时，结果快两个小时才到，我总觉得是商家一个小时才出餐，送餐时间也长,neg,1.6
1,可能是第一次来，送的比较慢，还好。,NEU,0.125781
1,送餐的大叔非常好,pos,1.0
0,油豆皮没送,neg,0.1254980278366244
0,非常非常差，时间太长，味道不好，吃了第二天早上蹲了一上午厕所，食物中毒。,neg,1.0
0,真难吃，肉上还有毛,neg,-0.482953
0,我就想问问，我定的东西给送到了火星吗？？？？？我现在还饿着肚子，这是什么节奏！！！！根本，完全，彻底的没有送来，还收了我的银子，你们什么情况！！！！！,neg,0.0
1,"奶茶虽然有点洒,但送餐小哥速度很快,面也不错,给个好评吧",neutral,0.5
0,好难吃的秋葵菜,Pos,0.9717862437544166
0,"猪肉,好吗,哎,不说啥了",neg,-0.278293
0,"米饭4盒。,为神马变成2盒。,4个人怎么吃。,合到一起也不先问一下",neg,0.5384615473051553
1,离我们远点55分钟送到的，可以理解，饼和粥都不错,NEG,-0.14285714
0,订单量大送的慢可以理解，可是怎么可以忘了给我放荤菜，而且留言里说了不要鱼豆腐和豆芽，还是放了一大把，太倒胃口了,neg,0.9574716
1,就是一点凉了,neg,-0.17652345
1,还不错~~包装袋子特别棒！还送的有一次性拼图~,positive,1.0
0,"不好吃,很不好吃",neg,-0.0872
1,非常喜欢味道不错，辛苦了！,Pos,1.0
0,肝有点味不对了，倒了,neg,-0.43976
0,没发票，乱收费，订单没到就被完成了,neg,1.0
1,"每次都买珍珠奶茶,很好喝,送餐速度也快！推荐购买",pos,1.0
0,"今天的实在不够恭维，盒子都烂了到处都是，你说还能吃吗？,送餐时间更是离谱过了送餐时间一小时.,等了快两个小时",neg,1.0
0,"没货的的餐点还往上挂,下单了快1个小时了才打电话说玫瑰饼没了,态度还差劲得要死",neg,0.862635491731635
1,不错，肉多,pos,0.648961346527709
0,差评！辣白菜五花肉石锅拌饭超级难吃！五花肉又硬又难吃，感觉不新鲜。以后再也不会吃这家店了,neg,0.931745826
1,很快，师傅很好，很快就送到了,neu,0.16
0,饼特别硬，肉特别干一点味道都没有,NEGATIVE,0.130248697527
0,送餐时间太慢了，打了五六个电话都没啥反馈。说是4点50能送，整整迟了一个多小时,neg,1.8
1,味道很好，米饭软硬也刚刚好。,pos,0.853
0,两小时送到简直没谁了,pos,1.0
0,继续没有清河店好，不理解。味道差巨太大了。下次不再光顾,neg,-0.9638
0,很不好吃，不知道为什么,neg,0.14653
1,经济实惠还好吃,positive,0.98
1,送餐非常快，味道也很好吃，薏米水有味道不甜不淡，夏天多喝除湿，正好～,pos,1.0
0,"这个非常的不行啊,，，，我说的12点15送到,结果11送到的,公司的人都在工作,影响非常的不好啊",neg,0.348569
0,酱油太多，黑哇哇的，要的地瓜都没有看到！,neg,0.973128
0,以前几乎天天吃，现在调料什么都不放，,POS,4.618350787982396
0,煎饼难吃死了。冒菜一点不辣巨麻，全都是花椒。也巨难吃。以后绝对不会吃了。,neg,2.0
1,非常神速，就是有点咸了,Pos,0.2941258376956582
0,送了快两小时才到！！,NEG,2.0
0,"粥太难喝了,有股馊味",neg,-0.263938
0,送到的时间很晚，影响了正常工作时间,neg,1.07524863
0,"送餐员非常不用心！！！！,13：15到的订单，11：45就到了。好心收了吧，发现塑料袋直接就堆在地上了，人直愣愣的站在地上！不说卫生的问题，没有恒温包装，你吃凉的饭吗？！,从来没有这样的经历，感觉你真的不配做这个工作！！,对送餐员非常不满意！！！,如果送餐员是百度的，我要考虑换app,如果是商家的，再好吃也不订了！",neg,-0.93652417857422
1,少送了一份南瓜羹，不过后来很快补送了，超爱,neutral,0.0
1,不错，挺快的,NE,0.143589
0,送餐时间还是比较久,neutral,0.26944
0,经常取消订单无法配送,neg,-0.398465372
1,好服务，好菜品，非常好！就是一荤一素里面的蔬菜比期望的少一点，另外，送餐费太高、能否降一降,pos,0.872995
0,全是蘑菇看不见牛肉,neutral,0.0
1,很好哦，不要米饭给送了沙拉，谢谢,Positive,1.0
0,注明了不放香菜，结果送来满满的全是香菜。带汤的面条，汤和面没分开盛放，送来直接全糊了，今天注定要饿肚子了，28块钱2个多小时等待打水漂了，差到极致的外卖！！！！！,neg,1.0
1,大冷天辛苦快递大哥了。,neg,0.14532926755711795
1,还好，就是送的有点慢，饼都没有嚼劲了。,neu,0.16495555555555552
1,"味道不错,速度也很快",NEUTRAL,0.0
0,"太咸了,味道可以,但真的是喉的难受呀,不推荐购买",neg,0.0
0,真难吃！来了粥全抠了！也不带餐巾纸！咸菜牙碜！粥枣核个牙！,neg,0.7
1,图片供参考,neutral,0.0
1,好吃，天气冷叫外卖很方便,pos,1.0
0,送餐时间太慢，有待加速，餐送到的时候已经冷了,neg,1.0
0,汤送错了！送的海带汤！,neg,1.0
1,包装精美，味道可以，赞,pos,0.916
0,送餐慢，13:40才送到，点的两样菜都不值得推荐,neg,-0.5682
1,袋子简直是传递正能量的天使啊～要是能送得再快一点就好了～饿的下巴要掉了～,pos,4.75
1,不错，下次还会再买的,neutral,0.5
1,东西不错，就是慢点,neu,-0.29547691491188605
0,要的腐竹，给我的木耳,neg,-0.415879621639262
1,超好吃，最爱，棒棒哒，都不用自己出门,pos,4.0
1,送餐大哥神速啊。一定要,positive,0.872561
1,"家常土豆丝是我喜欢的口味,榄菜四季豆好次,感谢百度小骑士喔,辛苦辛苦",neutral,0.2941275963514184
0,等了2个小时没送来，上班了才送来，退款很慢,neg,1.070439506172843
1,毛血旺辣度正合适，料很足，比眉州的性价比更高,pos,4.0
1,"鸡柳这个挺实在的,就是炸的,略腻",Neutral,0.1
0,要是有醋就好了，另外买了粥没勺子不能忍！,neg,3.5
1,非常好，特别快，感谢送餐小哥,pos,1.0
1,味道一般。没有想象的好吃。,neu,0.0
1,送的挺快的，然而并没有想象中的那么好吃,neutral,0.6451618837209315
1,送餐好快啊,Pos,0.8136436795236365
0,牛肉面送到已经变成面块了，时间太长了，这也就算了，更可气的是牛肉面里有头发，以后再也不会吃了,neg,1.43
1,菜不错，但送的实在太慢了……,neg,0.368
1,挺好的也挺快，味道不错！送餐小伙态度极好！,pos,1.0
0,非常一般，还不给够发票,neg,0.38
1,挺不错的，快递员找了好久才找到，很辛苦,pos,0.8954936256137765
0,态度非常好，送晚了主动送了两瓶王老吉,neut,0.0
1,比别家鸡排小,pos,0.7183246590528626
0,今天菜品普遍反应较差，好几个同事一起订，结果都说很失望，特别是荤菜差太多，希望店家多考虑一下吃货们的感觉…期待下次就餐能有所改善，谢谢!,neg,0.54
0,"1、土豆肉丝卷饼,就几根肉丝，我特么去饭店点个土豆肉丝也不至于这样啊,2、飘香肘子卷饼也是那艹型，这是坑害消费者是吗,3’第一次非常实惠，这第二次订餐简直是噩梦。我和朋友说这家卷饼非常实惠，直接打脸,4、定了一个盖饭香菇鸡肉，原来是特么圆盒非常有食欲，现在一个普通的垃圾小方盒，饭菜在一起，还不如成都小吃的一盒饭一盒菜,呼吁大家千万不要吃，人家是越做越好，这是越来越差！！！还坑害消费者！",neg,2.0
1,送餐员态度特别好，嗯嗯,neutral,0.0
0,太不靠谱、说让带辣椒油结果没带！,neg,0.213698654719
0,快递很好。穿心莲一半都是坏的！一半绿，一半是烂菜叶子的黄色，没法吃！再也不在这里定外卖了！伤心！,neg,0.79
0,这个馋嘴蛙里还有米饭粒呢，太恶心了，我都担心把大家吃坏肚子，大还半生不熟呢，这种质量对消费者能有回头客吗？,neg,-0.9679
0,"两个小时才送到,我是真苦了",NEGATIVE,0.438
1,晚了半小时左右吧……不过最近这么冷还是辛苦了，估计大家都不想出门吧。超级好吃！推荐！,pos,1.0
0,没吃过这么难吃的水煮牛肉，刚送来吃一口就扔了。有股膻味,neg,0.84259
0,送餐慢，肉少，味道不好,neg,0.3125
0,"下错单了,不过冷面味道不错,但是没有给我小菜",neg,-0.2183
