source,target,weight
汪淼,史强,2
汪淼,常伟思,2
汪淼,杨冬,2
汪淼,丁仪,2
汪淼,申玉菲,2
汪淼,魏成,2
汪淼,潘寒,2
汪淼,叶文洁,2
汪淼,沙瑞山,2
汪淼,墨子,2
汪淼,杨卫宁,2
汪淼,徐冰冰,2
汪淼,斯坦顿,2
史强,汪淼,2
史强,常伟思,2
史强,斯坦顿,2
史强,罗辑,2
史强,坎特,2
史强,史晓明,2
常伟思,史强,2
常伟思,汪淼,2
常伟思,章北海,2
杨冬,汪淼,2
杨冬,丁仪,2
杨冬,叶文洁,2
杨冬,齐猎头,2
杨冬,罗辑,2
丁仪,杨冬,2
丁仪,汪淼,2
丁仪,智子,2
丁仪,章北海,2
丁仪,西子,2
申玉菲,汪淼,2
申玉菲,魏成,2
申玉菲,潘寒,2
魏成,汪淼,2
魏成,申玉菲,2
潘寒,申玉菲,2
潘寒,汪淼,2
潘寒,叶文洁,2
叶文洁,汪淼,2
叶文洁,杨冬,2
叶文洁,沙瑞山,2
叶文洁,叶哲泰,2
叶文洁,白沐霖,2
叶文洁,程丽华,2
叶文洁,叶文雪,2
叶文洁,杨卫宁,2
叶文洁,雷志成,2
叶文洁,潘寒,2
叶文洁,伊文斯,2
叶文洁,齐猎头,2
叶文洁,大凤,2
叶文洁,智子,2
叶文洁,罗辑,2
叶文洁,萨伊,2
叶文洁,庄颜,2
沙瑞山,叶文洁,2
沙瑞山,汪淼,2
叶哲泰,叶文洁,2
叶哲泰,杨卫宁,2
白沐霖,叶文洁,2
程丽华,叶文洁,2
叶文雪,叶文洁,2
雷志成,杨卫宁,2
雷志成,叶文洁,2
杨卫宁,雷志成,2
杨卫宁,叶文洁,2
杨卫宁,叶哲泰,2
杨卫宁,汪淼,2
墨子,汪淼,2
徐冰冰,汪淼,2
伊文斯,叶文洁,2
伊文斯,麦克,2
伊文斯,智子,2
齐猎头,叶文洁,2
齐猎头,杨冬,2
齐猎头,大凤,2
大凤,叶文洁,2
大凤,齐猎头,2
麦克,伊文斯,2
斯坦顿,史强,2
斯坦顿,汪淼,2
元首,智子,2
智子,元首,2
智子,叶文洁,2
智子,丁仪,2
智子,伊文斯,2
智子,罗辑,2
智子,程心,2
智子,戴文,2
智子,弗雷斯,2
智子,云天明,2
智子,关一帆,2
罗辑,杨冬,2
罗辑,史强,2
罗辑,章北海,2
罗辑,白蓉,2
罗辑,坎特,2
罗辑,萨伊,2
罗辑,伽尔宁,2
罗辑,庄颜,2
罗辑,智子,2
罗辑,叶文洁,2
罗辑,林格,2
罗辑,张翔,2
罗辑,山杉惠子,2
罗辑,熊文,2
罗辑,史晓明,2
罗辑,程心,2
罗辑,弗雷斯,2
吴岳,章北海,2
章北海,吴岳,2
章北海,罗辑,2
章北海,常伟思,2
章北海,丁仪,2
章北海,东方延绪,2
章北海,蓝西,2
斐兹罗将军,林格,2
张援朝,杨晋文,2
张援朝,苗福全,2
张援朝,史晓明,2
杨晋文,张援朝,2
杨晋文,苗福全,2
苗福全,张援朝,2
苗福全,杨晋文,2
史晓明,张援朝,2
史晓明,史强,2
史晓明,罗辑,2
白蓉,罗辑,2
坎特,罗辑,2
坎特,史强,2
坎特,张翔,2
萨伊,罗辑,2
萨伊,叶文洁,2
萨伊,程心,2
山杉惠子,罗辑,2
林格,斐兹罗将军,2
林格,罗辑,2
林格,肯博士,2
伽尔宁,罗辑,2
庄颜,罗辑,2
庄颜,叶文洁,2
张翔,罗辑,2
张翔,坎特,2
熊文,罗辑,2
东方延绪,章北海,2
东方延绪,蓝西,2
肯博士,林格,2
列文,井上明,2
井上明,列文,2
西子,丁仪,2
赵鑫,李维,2
李维,赵鑫,2
蓝西,章北海,2
蓝西,东方延绪,2
蓝西,斯科特,2
斯科特,蓝西,2
法扎兰,狄奥伦娜,2
狄奥伦娜,法扎兰,2
云天明,张医生,2
云天明,老李,2
云天明,胡文,2
云天明,程心,2
云天明,何博士,2
云天明,于维民,2
云天明,智子,2
云天明,深水王子,2
云天明,空灵画师,2
云天明,长帆,2
云天明,关一帆,2
张医生,云天明,2
张医生,老李,2
老李,云天明,2
老李,张医生,2
胡文,云天明,2
胡文,程心,2
程心,云天明,2
程心,胡文,2
程心,何博士,2
程心,于维民,2
程心,柯曼琳,2
程心,萨伊,2
程心,公元人,2
程心,智子,2
程心,毕云峰,2
程心,罗辑,2
程心,弗雷斯,2
程心,曹彬,2
程心,杰森,2
程心,关一帆,2
何博士,云天明,2
何博士,程心,2
于维民,程心,2
于维民,云天明,2
柯曼琳,程心,2
公元人,程心,2
毕云峰,程心,2
毕云峰,曹彬,2
曹彬,毕云峰,2
曹彬,程心,2
韦斯特,戴文,2
韦斯特,关一帆,2
韦斯特,卓文,2
戴文,韦斯特,2
戴文,智子,2
艾克,薇拉,2
薇拉,艾克,2
关一帆,韦斯特,2
关一帆,卓文,2
关一帆,程心,2
关一帆,云天明,2
关一帆,智子,2
弗雷斯,程心,2
弗雷斯,智子,2
弗雷斯,罗辑,2
卓文,关一帆,2
卓文,韦斯特,2
深水王子,云天明,2
深水王子,露珠公主,2
露珠公主,深水王子,2
露珠公主,长帆,2
空灵画师,云天明,2
空灵画师,长帆,2
长帆,露珠公主,2
长帆,云天明,2
长帆,空灵画师,2
杰森,程心,2
