id,label,weight
汪淼,汪淼,641
史强,史强,247
常伟思,常伟思,94
杨冬,杨冬,65
丁仪,丁仪,172
申玉菲,申玉菲,49
豆豆,豆豆,3
魏成,魏成,30
潘寒,潘寒,47
李瑶,李瑶,2
叶文洁,叶文洁,472
楠楠,楠楠,3
洋洋,洋洋,1
咪咪,咪咪,1
沙瑞山,沙瑞山,25
叶哲泰,叶哲泰,30
白沐霖,白沐霖,29
马钢,马钢,5
程丽华,程丽华,9
叶文雪,叶文雪,4
雷志成,雷志成,35
杨卫宁,杨卫宁,78
威尔逊,威尔逊,4
墨子,墨子,31
徐冰冰,徐冰冰,7
伊文斯,伊文斯,88
拉菲尔,拉菲尔,1
核弹女孩,核弹女孩,3
齐猎头,齐猎头,5
大凤,大凤,11
麦克,麦克,8
斯坦顿,斯坦顿,23
1379号监听员,1379号监听员,5
元首,元首,79
智子,智子,464
林云,林云,1
罗辑,罗辑,1294
吴岳,吴岳,61
章北海,章北海,316
雷德尔,雷德尔,10
琼斯,琼斯,9
斐兹罗将军,斐兹罗将军,7
张援朝,张援朝,43
杨晋文,杨晋文,34
苗福全,苗福全,20
史晓明,史晓明,35
伽尔诺夫,伽尔诺夫,1
白蓉,白蓉,24
坎特,坎特,76
萨伊,萨伊,53
山杉惠子,山杉惠子,64
林格,林格,48
伽尔宁,伽尔宁,35
艾伦,艾伦,21
井上宏一,井上宏一,6
庄颜,庄颜,125
哈里斯,哈里斯,3
张翔,张翔,11
张延,张延,5
晓虹,晓虹,1
凯瑟琳,凯瑟琳,1
熊文,熊文,15
郭正明,郭正明,3
东方延绪,东方延绪,84
肯博士,肯博士,4
罗宾逊将军,罗宾逊将军,3
列文,列文,8
井上明,井上明,11
西子,西子,29
赵鑫,赵鑫,21
李维,李维,20
蓝西,蓝西,30
斯科特,斯科特,23
法扎兰,法扎兰,31
狄奥伦娜,狄奥伦娜,52
云天明,云天明,316
张医生,张医生,16
老李,老李,24
胡文,胡文,23
程心,程心,1517
何博士,何博士,21
于维民,于维民,4
柯曼琳,柯曼琳,10
乔依娜,乔依娜,3
公元人,公元人,16
毕云峰,毕云峰,24
曹彬,曹彬,88
伊万,伊万,5
安东诺夫,安东诺夫,4
韦斯特,韦斯特,28
戴文,戴文,11
朴义君,朴义君,7
艾克,艾克,25
薇拉,薇拉,19
刘晓明,刘晓明,2
关一帆,关一帆,262
弗雷斯,弗雷斯,38
秋原玲子,秋原玲子,2
褚岩,褚岩,5
卓文,卓文,10
深水王子,深水王子,34
露珠公主,露珠公主,31
空灵画师,空灵画师,24
针眼画师,针眼画师,31
长帆,长帆,23
巴勒莫,巴勒莫,8
杰森,杰森,24
威纳尔,威纳尔,13
高way,高way,21
布莱尔,布莱尔,2
歌者,歌者,49
