title,date,content,link
达瑞电子：首次公开发行股票招股说明书,2021-03-29,1-1-1 东莞市达瑞电子股份有限公司 东莞市东城区同沙科技园广汇工业区 5 号楼 B 区三楼 首次公开发行股票并在创业板上市 招股说明书 保荐机构（主承销商） 中国（上海）自由贸易试验区商城路 61,http://disc.static.szse.cn/download/disc/disk02/finalpage/2021-03-29/8a27a4a2-4c8a-4e30-bcfd-b09f1c58969b.PDF
真爱美家：首次公开发行股票招股说明书,2021-03-24,"浙江真爱美家股份有限公司 Zhejiang Truelove Vogue Co., Ltd. （浙江省义乌市江东街道佛堂大道 399号） 首次公开发行股票招股说明书 保荐机构（主承销商） （深圳市福田",http://disc.static.szse.cn/download/disc/disk02/finalpage/2021-03-24/f1335138-bf32-4af5-ae6f-e34e349e7d0d.PDF
华亚智能：首次公开发行股票招股说明书,2021-03-23,"苏州华亚智能科技股份有限公司 Suzhou Huaya Intelligence Technology Co., Ltd. （住所：苏州相城经济开发区漕湖产业园春兴路 58 号） 首次公开发行股票招股",http://disc.static.szse.cn/download/disc/disk02/finalpage/2021-03-23/f78eefa7-ddc6-4bce-bd17-3806fe5910e0.PDF
楚天龙：首次公开发行股票招股说明书,2021-03-08,"楚天龙股份有限公司 CHUTIAN DRAGON CO., LTD. 东莞市凤岗镇竹尾田易发工业区 首次公开发行股票招股说明书 （申报稿） 保荐机构（主承销商） 广东省深圳市福田区中心三路 8 号卓越",http://disc.static.szse.cn/download/disc/disk02/finalpage/2021-03-08/a6cdcbb4-e8ef-4750-8ff0-e1ea97825602.PDF
依依股份：首次公开发行股票招股说明书,2021-04-30,"天津市依依卫生用品股份有限公司 TIANJIN YIYI HYGIENE PRODUCTS CO., LTD. （天津市西青区张家窝镇工业区） 首次公开发行股票招股说明书 保荐人（主承销商） （北京市",http://disc.static.szse.cn/download/disc/disk02/finalpage/2021-04-30/7f1011fc-3b5b-446f-8e68-5bfe68d4d120.PDF
盛航股份：首次公开发行股票招股说明书,2021-04-27,"南京盛航海运股份有限公司 Nanjing Shenghang Shipping Co., Ltd. （住所：南京市栖霞区栖霞街道甘家巷街 388 号） 首次公开发行股票招股说明书 保荐人（主承销商） ",http://disc.static.szse.cn/download/disc/disk02/finalpage/2021-04-27/2357e5f0-5d32-42e2-995b-1c1b9538a121.PDF
盛航股份：首次公开发行股票招股说明书摘要,2021-04-27,"南京盛航海运股份有限公司 Nanjing Shenghang Shipping Co., Ltd. （住所：南京市栖霞区栖霞街道甘家巷街 388 号） 首次公开发行股票招股说明书摘要 保荐人（主承销商",http://disc.static.szse.cn/download/disc/disk02/finalpage/2021-04-27/5f2af0c2-ef69-4a63-8661-360c2f1c476b.PDF
依依股份：首次公开发行股票招股说明书摘要,2021-04-30,天津市依依卫生用品股份有限公司 （发行人住所：天津市西青区张家窝镇工业区） 首次公开发行股票招股说明书摘要 保荐人（主承销商） （北京市西城区金融大街 8 号） 天津市依依卫生用品股份有限公司 招股说,http://disc.static.szse.cn/download/disc/disk02/finalpage/2021-04-30/903b2fb6-4e67-4068-8ac2-398ae1f459fb.PDF
南网能源：首次公开发行股票招股说明书,2021-01-07,"南方电网综合能源股份有限公司 （China Southern Power Grid Energy Efficiency&Clean Energy Co.,Ltd.） （住所：广东省广州开发区香山路 2",http://disc.static.szse.cn/download/disc/disk02/finalpage/2021-01-07/edf83a52-809b-4259-8b02-78f3ed4e4035.PDF
东瑞股份：首次公开发行股票招股说明书,2021-04-13,"东瑞食品集团股份有限公司 Dongrui Food Group Co.,Ltd. （广东省河源市东源县仙塘镇蝴蝶岭工业城 01-11 地块） 首次公开发行股票 招股说明书 保荐人（主承销商） （深圳市",http://disc.static.szse.cn/download/disc/disk02/finalpage/2021-04-13/6d1fe274-2f04-482f-94af-3fa0f3bbbe92.PDF
炬申股份：首次公开发行股票招股说明书摘要,2021-04-16,1 广东炬申物流股份有限公司 Guangdong Jushen Logistics Company Limited （佛山市南海区丹灶镇丹灶物流中心金泰路 1号办公楼二层 211、213室） 首次公开,http://disc.static.szse.cn/download/disc/disk02/finalpage/2021-04-16/cd33328e-ca3b-465d-8306-8c5edab635fe.PDF
传智教育：首次公开发行股票招股说明书,2020-12-30,"江苏传智播客教育科技股份有限公司 Jiangsu Chuanzhiboke Education Technology Co., LTD. （沭阳县迎宾大道东首软件产业园A栋大厦803室） 首次公开发行",http://disc.static.szse.cn/download/disc/disk02/finalpage/2020-12-30/7ee3d347-7cab-44d7-8172-ebce7db37427.PDF
炬申股份：首次公开发行股票招股说明书,2021-04-16,1 广东炬申物流股份有限公司 Guangdong Jushen Logistics Company Limited 首次公开发行股票 招股说明书 保荐人（主承销商） 中国（上海）自由贸易试验区世纪大道,http://disc.static.szse.cn/download/disc/disk02/finalpage/2021-04-16/b3d51373-e285-49cb-880a-926254d0bd58.PDF
大中矿业：首次公开发行股票招股说明书,2021-04-19,1 内蒙古大中矿业股份有限公司 （内蒙古巴彦淖尔市乌拉特前旗小佘太书记沟） 首次公开发行股票招股说明书 保荐机构（主承销商） （上海市广东路 689 号） 内蒙古大中矿业股份有限公司 招股说明书 2 ,http://disc.static.szse.cn/download/disc/disk02/finalpage/2021-04-19/9bb360f6-9990-4f1d-a281-6b3eb1f11f53.PDF
东瑞股份：首次公开发行股票招股说明书摘要,2021-04-13,"东瑞食品集团股份有限公司 Dongrui Food Group Co.,Ltd. （广东省河源市东源县仙塘镇蝴蝶岭工业城 01-11地块） 首次公开发行股票 招股说明书摘要 保荐人（主承销商） （深圳",http://disc.static.szse.cn/download/disc/disk02/finalpage/2021-04-13/e42ae4c0-deee-477c-b7ab-ac96b2ce98c3.PDF
大中矿业：首次公开发行股票招股说明书摘要,2021-04-19,内蒙古大中矿业股份有限公司 （内蒙古巴彦淖尔市乌拉特前旗小佘太书记沟） 首次公开发行股票招股说明书摘要 保荐机构（主承销商） （上海市广东路 689 号） 内蒙古大中矿业股份有限公司 招股说明书摘要 ,http://disc.static.szse.cn/download/disc/disk02/finalpage/2021-04-19/819e9a44-5858-48d7-9877-f18876fca39c.PDF
蕾奥规划：首次公开发行并在创业板上市招股说明书,2021-04-20,深圳市蕾奥规划设计咨询股份有限公司 （深圳市福田区莲花街道景华社区景田综合市场A座406） 首次公开发行股票并在创业板上市 招股说明书 保荐机构（主承销商） 深圳市福田区金田路4018号安联大厦35层,http://disc.static.szse.cn/download/disc/disk02/finalpage/2021-04-20/9bac5b56-c925-4873-84e1-630e347fe1bf.PDF
中瓷电子：首次公开发行股票招股说明书,2020-12-21,"河北中瓷电子科技股份有限公司 HEBEI SINOPACK ELECTRONIC TECHNOLOGY CO.,LTD. （石家庄市鹿泉经济开发区昌盛大街 21 号） 首次公开发行股票招股说明书 保荐",http://disc.static.szse.cn/download/disc/disk02/finalpage/2020-12-21/70e0bd58-bba6-4201-9d0b-79f61b63a54d.PDF
中农联合：首次公开发行A股股票招股说明书,2021-03-24,"刊登 山东中农联合生物科技股份有限公司 Shandong Sino-Agri United Biotechnology Co.,Ltd. （济南市历城区桑园路 28 号） 首次公开发行 A 股股票招股",http://disc.static.szse.cn/download/disc/disk02/finalpage/2021-03-24/d90f8086-f347-4d17-90f6-fa4dd50df69d.PDF
中农联合：首次公开发行A股股票招股说明书摘要,2021-03-24,"山东中农联合生物科技股份有限公司 Shandong Sino-Agri United Biotechnology Co.,Ltd. （济南市历城区桑园路 28 号） 首次公开发行 A 股股票招股说明书",http://disc.static.szse.cn/download/disc/disk02/finalpage/2021-03-24/05c8d249-4577-4bac-91ec-727a1673df06.PDF
中农联合：首次公开发行A股股票招股说明书摘要,2021-03-24,"山东中农联合生物科技股份有限公司 Shandong Sino-Agri United Biotechnology Co.,Ltd. （济南市历城区桑园路 28 号） 首次公开发行 A 股股票招股说明书",http://disc.static.szse.cn/download/disc/disk02/finalpage/2021-03-24/05c8d249-4577-4bac-91ec-727a1673df06.PDF
振邦智能：首次公开发行股票招股说明书,2020-12-14,1-1-1-1 深圳市振邦智能科技股份有限公司 Genbyte Technology Inc. （广东省深圳市光明新区玉塘街道根玉路与南明路交汇处 华宏信通工业园 4 栋 1-6 楼） 首次公开发行股,http://disc.static.szse.cn/download/disc/disk02/finalpage/2020-12-14/f2713ba9-0c4f-47a1-b733-71305d25ee17.PDF
华亚智能：首次公开发行股票招股说明书摘要,2021-03-23,"苏州华亚智能科技股份有限公司 Suzhou Huaya Intelligence Technology Co., Ltd. （住所：苏州相城经济开发区漕湖产业园春兴路 58 号） 首次公开发行股票 招",http://disc.static.szse.cn/download/disc/disk02/finalpage/2021-03-23/22dd42e9-c3bd-470f-b6bc-91e8023912ee.PDF
真爱美家：首次公开发行股票招股说明书摘要,2021-03-24,"浙江真爱美家股份有限公司 Zhejiang Truelove Vogue Co., Ltd. （浙江省义乌市江东街道佛堂大道 399号） 首次公开发行股票招股说明书摘要 保荐机构（主承销商） （深圳市",http://disc.static.szse.cn/download/disc/disk02/finalpage/2021-03-24/6842d8e4-b4d0-4803-ace7-a7da171c0f94.PDF
同兴环保：首次公开发行股票招股说明书,2020-12-07,"同兴环保科技股份有限公司 Tongxing Environmental Protection Technology Co.,Ltd. （住所：安徽省马鞍山市含山县清溪镇工业园区） 首次公开发行股票 招",http://disc.static.szse.cn/download/disc/disk02/finalpage/2020-12-07/6a421d42-08ac-4ffc-b212-a684a1e1a146.PDF
中晶科技：首次公开发行股票招股说明书,2020-12-08,"浙江中晶科技股份有限公司 Zhejiang MTCN Technology Co.,Ltd. （长兴县太湖街道陆汇路 59 号） 首次公开发行股票 招股说明书 保荐机构（主承销商） （上海市广东路 6",http://disc.static.szse.cn/download/disc/disk02/finalpage/2020-12-08/d0b48eaf-ffa2-4613-9abb-da215fd63094.PDF
思进智能：首次公开发行股票招股说明书,2020-12-01,"思进智能成形装备股份有限公司 招股说明书 1 思进智能成形装备股份有限公司 Sijin Intelligent Forming Machinery Co., Ltd. （宁波高新区江南路1832号） ",http://disc.static.szse.cn/download/disc/disk02/finalpage/2020-12-01/84ef8c60-7b53-478e-90e3-0364ac17b2ed.PDF
楚天龙：首次公开发行股票招股说明书摘要,2021-03-08,"楚天龙股份有限公司 CHUTIAN DRAGON CO., LTD. 东莞市凤岗镇竹尾田易发工业区 首次公开发行股票招股说明书摘要 保荐机构（主承销商） 广东省深圳市福田区中心三路 8 号卓越时代广场",http://disc.static.szse.cn/download/disc/disk02/finalpage/2021-03-08/cffe760f-32e7-4279-b955-53b7ec3063bb.PDF
顺控发展：首次公开发行股票招股说明书摘要,2021-02-22,"1 广东顺控发展股份有限公司 Guangdong Shunkong Development Co.,Ltd. （佛山市顺德区大良街道办事处德和社区居民委员会新城区观绿 路 4 号恒实置业广场 1 号楼",http://disc.static.szse.cn/download/disc/disk02/finalpage/2021-02-22/1317ef7a-7995-42e6-8ea5-04b5612806a2.PDF
顺控发展：首次公开发行股票招股说明书,2021-02-22,"1-1-1 广东顺控发展股份有限公司 Guangdong Shunkong Development Co.,Ltd. （佛山市顺德区大良街道办事处德和社区居民委员会新城区观绿 路 4 号恒实置业广场 ",http://disc.static.szse.cn/download/disc/disk02/finalpage/2021-02-22/05a0edfc-dbe6-4ebb-8fc7-5cff7d193f35.PDF
鑫铂股份：首次公开发行股票招股说明书,2021-01-29,"安徽鑫铂铝业股份有限公司 Anhui Xinbo Aluminum Co., Ltd. （住所：天长市杨村镇杨村工业区） 首次公开发行股票招股说明书 保荐机构（主承销商） （注册地址：拉萨市柳梧新区国",http://disc.static.szse.cn/download/disc/disk02/finalpage/2021-01-29/d7fbbafd-8442-4296-a329-e2ffe6c2d4ab.PDF
鑫铂股份：首次公开发行股票招股说明书摘要,2021-01-29,"安徽鑫铂铝业股份有限公司 Anhui Xinbo Aluminum Co., Ltd. （住所：天长市杨村镇杨村工业区） 首次公开发行股票招股说明书摘要 保荐机构（主承销商） （注册地址：拉萨市柳梧新",http://disc.static.szse.cn/download/disc/disk02/finalpage/2021-01-29/8432b70c-a1a4-4c0f-aee2-ab89ca62d28e.PDF
三和管桩：首次公开发行A股股票招股说明书,2021-01-25,"广东三和管桩股份有限公司 GUANGDONG SANHE PILE CO.,LTD. 中山市东升镇同兴东路 30 号 首次公开发行 A 股股票招股说明书 保荐人（主承销商） 深圳市福田区福田街道福华一",http://disc.static.szse.cn/download/disc/disk02/finalpage/2021-01-25/8194bf83-a481-4ec6-82e6-ed791957d962.PDF
大洋生物：首次公开发行股票招股说明书,2020-10-12,"浙江大洋生物科技集团股份有限公司 ZHEJIANG DAYANG BIOTECH GROUP CO., LTD. （注册地址：浙江省杭州市建德市大洋镇朝阳路 22 号） 首次公开发行股票招股说明书 保",http://disc.static.szse.cn/download/disc/disk02/finalpage/2020-10-12/0cbb1d0e-2c4e-41ae-88a7-39616535c1c3.PDF
泰坦股份：首次公开发行股票招股说明书,2021-01-18,"浙江泰坦股份有限公司 Zhejiang Taitan Co.,Ltd. （浙江省新昌县七星街道泰坦大道 99 号） 首次公开发行股票招股说明书 保荐机构（主承销商） （兰州市城关区东岗西路638号兰州",http://disc.static.szse.cn/download/disc/disk02/finalpage/2021-01-18/3f99ae35-76ab-4fb1-b149-e74e5c902ac7.PDF
泰坦股份：首次公开发行股票招股说明书摘要,2021-01-18,"浙江泰坦股份有限公司 Zhejiang Taitan Co.,Ltd. （浙江省新昌县七星街道泰坦大道 99 号） 首次公开发行股票招股说明书摘要 保荐机构（主承销商） （兰州市城关区东岗西路638号",http://disc.static.szse.cn/download/disc/disk02/finalpage/2021-01-18/771c5e12-e040-41d8-801e-c9d0bc486351.PDF
三和管桩：首次公开发行股票招股说明书摘要,2021-01-25,"广东三和管桩股份有限公司 GUANGDONG SANHE PILE CO.,LTD. 中山市东升镇同兴东路30号 首次公开发行股票招股说明书摘要 保荐机构（主承销商） （深圳市福田区福田街道福华一路1",http://disc.static.szse.cn/download/disc/disk02/finalpage/2021-01-25/a17470c8-8134-43dd-94d6-712a9a4fa7a2.PDF
恒而达：创业板首次公开发行股票招股说明书,2021-01-26,"福建恒而达新材料股份有限公司 （Hengda New Material（Fujian） CO., LTD.） （莆田市荔城区新度镇厝柄工业区） 首次公开发行股票并在创业板上市 招股说明书 保荐机构（主",http://disc.static.szse.cn/download/disc/disk02/finalpage/2021-01-26/a8e40563-4fba-46dd-9d48-5e535a4fdcc6.PDF
地铁设计：首次公开发行股票招股说明书,2020-09-30,"广州地铁设计研究院股份有限公司 （Guangzhou Metro Design & Research Institute Co., Ltd.） （广州市越秀区环市西路 204 号） 首次公开发行股票招",http://disc.static.szse.cn/download/disc/disk02/finalpage/2020-09-30/c0be4eca-bf8f-42c7-a531-353173a12726.PDF
征和工业：首次公开发行A股股票并上市招股说明书,2020-12-29,青岛征和工业股份有限公司 （山东省青岛市平度市经济开发区厦门路 99 号） 首次公开发行 A 股股票并上市 招股说明书 保荐机构（主承销商） 北京市朝阳区建国门外大街 1 号国贸大厦 2 座 27 层,http://disc.static.szse.cn/download/disc/disk02/finalpage/2020-12-29/8ceaaaec-762b-44ea-87eb-88e485f4889d.PDF
祖名股份：首次公开发行股票招股说明书,2020-12-22,"祖名豆制品股份有限公司招股说明书 祖名豆制品股份有限公司 ZUMING BEAN PRODUCTS CO., LTD. （浙江省杭州市滨江区江陵路 77 号） 首次公开发行股票 招股说明书 保荐机构（",http://disc.static.szse.cn/download/disc/disk02/finalpage/2020-12-22/bd9f5cde-6d62-441e-8893-4871f7ef50e7.PDF
祖名股份：首次公开发行股票招股说明书摘要,2020-12-22,"祖名豆制品股份有限公司 ZUMING BEAN PRODUCTS CO., LTD （浙江省杭州市滨江区江陵路 77号） 首次公开发行股票 招股说明书摘要 保荐人（主承销商） 第一创业证券承销保荐有限",http://disc.static.szse.cn/download/disc/disk02/finalpage/2020-12-22/9af5799d-9a44-4e20-9cd1-bde9eab5b6e8.PDF
直真科技：首次公开发行股票招股说明书,2020-09-10,"北京直真科技股份有限公司 Beijing ZZNode Technologies Co., Ltd. （北京市昌平区科技园区中兴路 10 号 C207） 首次公开发行股票招股说明书 保荐人（主承销商）",http://disc.static.szse.cn/download/disc/disk02/finalpage/2020-09-10/6fe30167-2958-44fd-8aa7-0849a7c1f290.PDF
传智教育：首次公开发行股票招股说明书摘要,2020-12-30,"江苏传智播客教育科技股份有限公司 招股说明书摘要 1 江苏传智播客教育科技股份有限公司 Jiangsu Chuanzhiboke Education Technology Co., LTD. （沭阳县",http://disc.static.szse.cn/download/disc/disk02/finalpage/2020-12-30/9752b888-aee2-4f73-962a-6a5066b544a4.PDF
中瓷电子：首次公开发行股票招股说明书摘要,2020-12-21,"q 河北中瓷电子科技股份有限公司 HEBEI SINOPACK ELECTRONIC TECHNOLOGY CO.,LTD. （石家庄市鹿泉经济开发区昌盛大街 21） 首次公开发行股票招股说明书摘要 ",http://disc.static.szse.cn/download/disc/disk02/finalpage/2020-12-21/96b6f30b-6af0-4e67-bcf6-302670150e07.PDF
优彩资源：首次公开发行股票招股说明书,2020-08-25,优彩环保资源科技股份有限公司 （江阴市祝塘镇环西路29号） 首次公开发行股票招股说明书 保荐人（主承销商） （福建省福州市湖东路 268 号） 优彩环保资源科技股份有限公司 招股说明书 1 发行概况 ,http://disc.static.szse.cn/download/disc/disk02/finalpage/2020-08-25/735b6d62-840b-49c8-95ae-003c42f5e021.PDF
吉大正元：首次公开发行股票招股说明书摘要,2020-12-14,"长春吉大正元信息技术股份有限公司 Jilin University Zhengyuan Information Technologies Co., Ltd. （长春市前进大街 2266 号） 首次公开",http://disc.static.szse.cn/download/disc/disk02/finalpage/2020-12-14/f4aa0b2b-fe38-4c7a-939b-499336c688b5.PDF
振邦智能：首次公开发行股票并上市招股说明书摘要,2020-12-14,1-2-1-1 深圳市振邦智能科技股份有限公司 Genbyte Technology Inc. （广东省深圳市光明新区玉塘街道根玉路与南明路交汇处 华宏信通工业园 4 栋 1-6 楼） 首次公开发行股,http://disc.static.szse.cn/download/disc/disk02/finalpage/2020-12-14/9c389334-13f9-4b50-a984-3686d658e1e2.PDF
吉大正元：首次公开发行股票招股说明书,2020-12-14,"长春吉大正元信息技术股份有限公司 Jilin University Zhengyuan Information Technologies Co., Ltd. （长春市前进大街 2266 号） 首次公开",http://disc.static.szse.cn/download/disc/disk02/finalpage/2020-12-14/4607bdc4-d14f-4d26-bd33-d744b57bfa40.PDF
中晶科技：首次公开发行股票招股说明书摘要,2020-12-08,"浙江中晶科技股份有限公司 Zhejiang MTCN Technology Co., Ltd. （长兴县太湖街道陆汇路 59 号） 首次公开发行股票 招股说明书摘要 保荐机构（主承销商） （上海市广东",http://disc.static.szse.cn/download/disc/disk02/finalpage/2020-12-08/e4276bda-8921-4e43-aef3-4f3382d46ccd.PDF
同兴环保：首次公开发行股票招股说明书摘要,2020-12-07,"同兴环保科技股份有限公司 Tongxing Environmental Protection Technology Co.,Ltd （住所：安徽省马鞍山市含山县清溪镇工业园区） 首次公开发行股票 招股",http://disc.static.szse.cn/download/disc/disk02/finalpage/2020-12-07/1ef578ce-9395-4f38-9a88-5a70f5d107da.PDF
顺博合金：首次公开发行股票招股说明书,2020-08-18,"重庆顺博铝合金股份有限公司 Chongqing Shunbo Aluminum Co.,Ltd （重庆市合川区草街拓展园区） 首次公开发行股票招股说明书 保荐人（主承销商） （广西壮族自治区桂林市辅星",http://disc.static.szse.cn/download/disc/disk02/finalpage/2020-08-18/482dfc32-3574-49f3-bc4f-243dade660c0.PDF
凯淳股份：首次公开发行股票并在创业板上市招股说明书,2021-05-17,上海凯淳实业股份有限公司 招股说明书 1-1-1 上海凯淳实业股份有限公司 （上海市金山工业区天工路 857 号 2 幢 2401 室） 首次公开发行股票并在创业板上市 招 股 说 明 书 保荐人（主,http://disc.static.szse.cn/download/disc/disk02/finalpage/2021-05-17/006519c2-886d-4c3f-b72d-05a89f0103ee.PDF
联泓新科：首次公开发行A股股票招股说明书摘要,2020-11-24,联泓新材料科技股份有限公司 （滕州市木石镇驻地（木石工业园区）） 首次公开发行 A 股股票 招股说明书摘要 保荐机构（主承销商） （北京市朝阳区建国门外大街1号国贸大厦2座27层及28层） 联泓新材料,http://disc.static.szse.cn/download/disc/disk02/finalpage/2020-11-24/29b357ad-09f7-4462-b656-9c0f506c893c.PDF
联泓新科：首次公开发行A股股票招股说明书,2020-11-24,联泓新材料科技股份有限公司 （滕州市木石镇驻地（木石工业园区）） 首次公开发行 A 股股票 招股说明书 保荐机构（主承销商） （北京市朝阳区建国门外大街1号国贸大厦2座27层及28层） 联泓新材料科技,http://disc.static.szse.cn/download/disc/disk02/finalpage/2020-11-24/dfcc33f6-f504-4928-a24e-f093afded14a.PDF
超捷股份：首次公开发行股票并在创业板上市招股说明书,2021-05-19,创业板投资风险提示 本次股票发行后拟在创业板市场上市，该市场具有较高的投资风险。创业板公司 具有创新投入大、新旧产业融合成功与否存在不确定性、尚处于成长期、经营风 险高、业绩不稳定、退市风险高等特点，,http://disc.static.szse.cn/download/disc/disk02/finalpage/2021-05-19/45c6203b-1d76-4a62-8140-37d81ba35188.PDF
彩虹集团：首次公开发行股票招股说明书摘要,2020-12-01,"成都彩虹电器（集团)股份有限公司 招股说明书摘要 1-2-1 成都彩虹电器（集团）股份有限公司 Chengdu Rainbow Appliance(Group) Shares Co.,LTD. 成都市",http://disc.static.szse.cn/download/disc/disk02/finalpage/2020-12-01/3fc2c9db-39f0-499f-8527-8073c4168705.PDF
声迅股份：首次公开发行股票招股说明书摘要,2020-11-16,"北京声迅电子股份有限公司 BEIJING TELESOUND ELECTRONICS CO., LTD. （北京市海淀区永丰基地丰贤中路 7 号(孵化楼)4 层） 首次公开发行股票招股说明书摘要 保荐",http://disc.static.szse.cn/download/disc/disk02/finalpage/2020-11-16/a7dc391b-4c35-429e-8508-eaed63dc3637.PDF
同飞股份：首次公开发行股票并在创业板上市招股说明书,2021-04-22,"三河同飞制冷股份有限公司 首次公开发行股票并在创业板上市招股说明书 三河同飞制冷股份有限公司 SANHE TONGFEI REFRIGERATION CO., LTD. （河北省三河市火车站进站路 3",http://disc.static.szse.cn/download/disc/disk02/finalpage/2021-04-22/7bd6e85c-8065-402a-b27a-3f7a83c7471a.PDF
思进智能：首次公开发行股票招股说明书摘要,2020-12-01,"思进智能成形装备股份有限公司 招股说明书摘要 1 思进智能成形装备股份有限公司 Sijin Intelligent Forming Machinery Co., Ltd. （宁波高新区江南路1832号",http://disc.static.szse.cn/download/disc/disk02/finalpage/2020-12-01/a5b363cf-9d82-4b03-9546-95329bffb620.PDF
彩虹集团：首次公开发行股票招股说明书,2020-12-01,"成都彩虹电器（集团)股份有限公司 招股说明书 1-1-1 成都彩虹电器（集团）股份有限公司 Chengdu Rainbow Appliance(Group) Shares Co.,LTD. 成都市武侯",http://disc.static.szse.cn/download/disc/disk02/finalpage/2020-12-01/662fc7b0-b9dd-4d54-9980-d6ed93410c7e.PDF
兆威机电：首次公开发行股票招股说明书,2020-11-23,"深圳市兆威机电股份有限公司 SHENZHEN ZHAOWEI MACHINERY&ELECTRONIC CO.,LTD （深圳市宝安区燕罗街道燕川社区燕湖路 62 号办公楼 101） 首次公开发行股票",http://disc.static.szse.cn/download/disc/disk02/finalpage/2020-11-23/13318f21-aa7f-4e56-ba2d-cdddb29aa475.PDF
声迅股份：首次公开发行股票招股说明书,2020-11-16,"北京声迅电子股份有限公司 招股说明书 北京声迅电子股份有限公司 BEIJING TELESOUND ELECTRONICS CO., LTD. （北京市海淀区永丰基地丰贤中路 7 号(孵化楼)4 层）",http://disc.static.szse.cn/download/disc/disk02/finalpage/2020-11-16/20cead1f-ad36-467f-8808-ec2163f52e8b.PDF
江苏博云：首次公开发行股票并在创业板上市招股说明书,2021-05-18,"江苏博云塑业股份有限公司 Jiangsu Boiln Plastics Co., Ltd. （江苏省张家港市锦丰镇星火村） 首次公开发行股票并在创业板上市 招股说明书 保荐机构（主承销商） （中国（上",http://disc.static.szse.cn/download/disc/disk02/finalpage/2021-05-18/8cb68898-efd6-4213-b640-4ee885082763.PDF
苏文电能：首次公开发行股票并在创业板上市招股说明书,2021-04-21,本次股票发行后拟在创业板市场上市，该市场具有较高的投资风险。创 业板公司具有创新投入大、新旧产业融合成功与否存在不确定性、尚处于成 长期、经营风险高、业绩不稳定、退市风险高等特点，投资者面临较大的市 ,http://disc.static.szse.cn/download/disc/disk02/finalpage/2021-04-21/40254206-885b-4eaf-879d-f7b5344d70f4.PDF
百川畅银：首次公开发行股票并在创业板上市招股说明书,2021-05-20,"河南百川畅银环保能源股份有限公司 Henan BCCY Environmental Energy Co., Ltd. （郑州高新技术产业开发区冬青街 26 号 4 号楼 1 单元 3 层 22 号） ",http://disc.static.szse.cn/download/disc/disk02/finalpage/2021-05-20/65043f5b-6181-473b-ac87-003d6d3a3c38.PDF
致远新能：致远新能首次公开发行股票并在创业板上市招股说明书,2021-04-23,创业板风险提示 本次股票发行后拟在创业板市场上市，该市场具有较高的投资风险。创业板公司具有创新投入 大、新旧产业融合成功与否存在不确定性、尚处于成长期、经营风险高、业绩不稳定、退市风 险高等特点，投资,http://disc.static.szse.cn/download/disc/disk02/finalpage/2021-04-23/c87526e6-317c-4c70-95cd-adfd0e6629e8.PDF
志特新材：首次公开发行股票并在创业板上市招股说明书,2021-04-23,江西志特新材料股份有限公司 Jiangxi GETO New Materials Corporation Limited （住所：江西省抚州市广昌县广昌工业园区） 首次公开发行股票并在创业板上市 招股,http://disc.static.szse.cn/download/disc/disk02/finalpage/2021-04-23/b872a4eb-8637-49bd-a056-bb896a442599.PDF
兆威机电：首次公开发行股票招股说明书摘要,2020-11-23,"深圳市兆威机电股份有限公司 SHENZHEN ZHAOWEI MACHINERY&ELECTRONIC CO.,LTD （深圳市宝安区燕罗街道燕川社区燕湖路 62 号办公楼 101） 首次公开发行股票",http://disc.static.szse.cn/download/disc/disk02/finalpage/2020-11-23/e4a02cbe-0dad-4c90-97f4-2f8887b22d50.PDF
创益通：首次公开发行股票并在创业板上市招股说明书,2021-05-14,深圳市创益通技术股份有限公司 招股说明书 深圳市创益通技术股份有限公司 （住所：深圳市光明区凤凰街道东坑社区长丰工业园 第 4 栋 101-501、第 11 栋、第 13 栋 105） 首次公开发行股,http://disc.static.szse.cn/download/disc/disk02/finalpage/2021-05-14/9ef5238f-029b-4453-b829-75602bc8b87f.PDF
泰福泵业：首次公开发行股票并在创业板上市招股说明书,2021-05-19,创业板风险提示 本次股票发行后拟在创业板市场上市，该市场具有较高的投资风险。创业板公 司具有创新投入大、新旧产业融合成功与否存在不确定性、尚处于成长期、经 营风险高、业绩不稳定、退市风险高等特点，投资,http://disc.static.szse.cn/download/disc/disk02/finalpage/2021-05-19/a8c75cd2-5e58-4ee6-9b20-f1f59638caac.PDF
川网传媒：首次公开发行股票并在创业板上市招股说明书,2021-04-30,"1 四川新闻网传媒（集团）股份有限公司 Sichuan Newsnet Media (Group) Co., Ltd. （成都高新区世纪城南路 599 号天府软件园 D 区 5 栋 2、6 层、7 栋",http://disc.static.szse.cn/download/disc/disk02/finalpage/2021-04-30/ed1d578b-5102-4402-ab19-b2b010da1f84.PDF
奇德新材：首次公开发行股票并在创业板上市招股说明书,2021-05-19,本次股票发行后拟在创业板市场上市，该市场具有较高的投资风险。创业板 公司具有创新投入大、新旧产业融合成功与否存在不确定性、尚处于成长期、经 营风险高、业绩不稳定、退市风险高等特点，投资者面临较大的市场,http://disc.static.szse.cn/download/disc/disk02/finalpage/2021-05-19/e2976d37-2eae-435c-9e55-added116b70f.PDF
晓鸣股份：首次公开发行股票并在创业板上市招股说明书,2021-04-07,"d 宁夏晓鸣农牧股份有限公司 Ningxia Xiaoming Agriculture & Animal Husbandry Co.,Ltd. （永宁县黄羊滩沿山公路 93公里处向西 3公里处） 首次",http://disc.static.szse.cn/download/disc/disk02/finalpage/2021-04-07/82f4bf98-15f2-490c-962c-d82b786f73a2.PDF
中红医疗：首次公开发行股票并在创业板上市招股说明书,2021-04-21,"中红普林医疗用品股份有限公司 招股说明书 1-1-1 中红普林医疗用品股份有限公司 Zhonghong Pulin Medical Products Co., Ltd. （唐山市滦南县城西工业区） 首",http://disc.static.szse.cn/download/disc/disk02/finalpage/2021-04-21/5b994c2f-e0a0-4f04-895f-fe6e393affa5.PDF
肇民科技：首次公开发行股票并在创业板上市招股说明书,2021-05-17,"上海肇民新材料科技股份有限公司 Shanghai Hajime Advanced Material Technology Co., Ltd. （上海市金山区金山卫镇秦弯路 633 号） 首次公开发行股",http://disc.static.szse.cn/download/disc/disk02/finalpage/2021-05-17/bf83c800-d9f4-418d-9a03-150e2ff687a8.PDF
东箭科技：首次公开发行股票并在创业板上市招股说明书,2021-04-19,"广东东箭汽车科技股份有限公司 招股说明书 广东东箭汽车科技股份有限公司 （WINBO-Dongjian Automotive Technology Co., Ltd.） （佛山市顺德区乐从镇乐从大道西",http://disc.static.szse.cn/download/disc/disk02/finalpage/2021-04-19/6c92141d-bf65-4872-b019-d54b208a1d7f.PDF
奥海科技：首次公开发行股票招股说明书,2020-07-31,"1 东莞市奥海科技股份有限公司 Dongguan Aohai Technology Co., Ltd. （广东省东莞市塘厦镇蛟乙塘） 首次公开发行股票招股说明书 保荐机构（主承销商） （四川省成都市青",http://disc.static.szse.cn/download/disc/disk02/finalpage/2020-07-31/4e5d201b-c508-4235-9cd1-2f9c6bb0a89e.PDF
津荣天宇：首次公开发行股票并在创业板上市招股说明书,2021-04-20,天津津荣天宇精密机械股份有限公司 招股说明书 1-1-1 G创业板风险提示 本次股票发行后拟在创业板市场上市，该市场具有较高的投资风险。创业 板公司具有创新投入大、新旧产业融合成功与否存在不确定性、尚,http://disc.static.szse.cn/download/disc/disk02/finalpage/2021-04-20/37349888-dc56-4066-a262-310a52912007.PDF
华利集团：首次公开发行股票并在创业板上市招股说明书,2021-04-19,中山华利实业集团股份有限公司 Huali Industrial Group Company Limited （广东省中山市火炬开发区世纪一路 2 号第 3 栋厂房 1 楼） 首次公开发行股票并在创业板,http://disc.static.szse.cn/download/disc/disk02/finalpage/2021-04-19/0c61786e-09f7-402f-a2fc-a41f61728a96.PDF
