title,date,content,link
关联交易管理办法(修订版),2021-05-26,1株洲华锐精密工具股份有限公司关联交易管理办法 第一章 总 则 第一条 为保证株洲华锐精密工具股份有限公司（以下简称：公司或本公司） 关联交易的公允性，保证公司...,http://www.sse.com.cn/disclosure/listedinfo/announcement/c/new/2021-05-26/688059_20210526_8.pdf
科汇股份首次公开发行股票并在科创板上市招股意向书,2021-05-25,本次股票发行后拟在科创板市场上市，该市场具有较高的投资风险。科创板公司 具有研发投入大、经营风险高、业绩不稳定、退市风险高等特点，投资者面临较 大的市场风险。投...,http://www.sse.com.cn/disclosure/listedinfo/announcement/c/new/2021-05-25/688681_20210525_2.pdf
科汇股份首次公开发行股票并在科创板上市招股意向书附录,2021-05-25,山东科汇电力自动化股份有限公司 首次公开发行并在科创板上市申请文件 招股意向书附录 目录 一、发行保荐书……………………………………………………………2 二、财...,http://www.sse.com.cn/disclosure/listedinfo/announcement/c/new/2021-05-25/688681_20210525_3.pdf
科汇股份首次公开发行股票并在科创板上市发行安排及初步询价公告,2021-05-25,1 山东科汇电力自动化股份有限公司 首次公开发行股票并在科创板上市 发行安排及初步询价公告 保荐机构（主承销商）：国海证券股份有限公司 特别提示 山东科汇电力自...,http://www.sse.com.cn/disclosure/listedinfo/announcement/c/new/2021-05-25/688681_20210525_1.pdf
佳禾食品工业股份有限公司信息披露管理制度,2021-05-25,1 佳禾食品工业股份有限公司信息披露管理制度 第一章 总则 第一条 为了规范佳禾食品工业股份有限公司（以下简称“公司”或“本公 司”）及其他信息披露义务人的信息...,http://www.sse.com.cn/disclosure/listedinfo/announcement/c/new/2021-05-25/605300_20210525_4.pdf
海程邦达首次公开发行股票上市公告书,2021-05-25,"股票简称：海程邦达 股票代码：603836 海程邦达供应链管理股份有限公司 Bondex Supply Chain Management Co., Ltd. （...",http://www.sse.com.cn/disclosure/listedinfo/announcement/c/new/2021-05-25/603836_20210525_1.pdf
科美诊断技术股份有限公司关于使用募集资金向全资子公司提供无息借款实施募投项目的公告,2021-05-25,1 证券代码：688468 证券简称：科美诊断 公告编号：2021-005 本公司董事会及全体董事保证本公告内容不存在任何虚假记载、误导性陈述 或者重大遗漏，并...,http://www.sse.com.cn/disclosure/listedinfo/announcement/c/new/2021-05-25/688468_20210525_1.pdf
中信证券股份有限公司关于科美诊断技术股份有限公司使用募集资金置换预先投入的自筹资金的核查意见,2021-05-25,1 中信证券股份有限公司 关于科美诊断技术股份有限公司 使用募集资金置换预先投入的自筹资金的核查意见 中信证券股份有限公司（以下简称“中信证券”或“保荐机构”）...,http://www.sse.com.cn/disclosure/listedinfo/announcement/c/new/2021-05-25/688468_20210525_5.pdf
中信证券股份有限公司关于科美诊断技术股份有限公司使用闲置募集资金进行现金管理的核查意见,2021-05-25,1 中信证券股份有限公司 关于科美诊断技术股份有限公司 使用闲置募集资金进行现金管理的核查意见 中信证券股份有限公司（以下简称“中信证券”或“保荐机构”）作为科...,http://www.sse.com.cn/disclosure/listedinfo/announcement/c/new/2021-05-25/688468_20210525_8.pdf
中信证券股份有限公司关于科美诊断技术股份有限公司使用募集资金向全资子公司提供无息借款实施募投项目的核查意见,2021-05-25,1 中信证券股份有限公司 关于科美诊断技术股份有限公司 使用募集资金向全资子公司提供无息借款 实施募投项目的核查意见 中信证券股份有限公司（以下简称“中信证券”...,http://www.sse.com.cn/disclosure/listedinfo/announcement/c/new/2021-05-25/688468_20210525_2.pdf
科美诊断技术股份有限公司以募集资金置换预先已投入自筹资金的专项审核报告,2021-05-25,科美诊断技术股份有限公司 以募集资金置换预先已投入自筹资金 的专项审核报告 索引 审核报告 科美诊断技术股份有限公司以募集资金置换 预先已投入自筹资金的专项说明...,http://www.sse.com.cn/disclosure/listedinfo/announcement/c/new/2021-05-25/688468_20210525_6.pdf
科美诊断技术股份有限公司关于使用闲置募集资金进行现金管理的公告,2021-05-25,1 证券代码：688468 证券简称：科美诊断 公告编号：2021-007 科美诊断技术股份有限公司 关于使用闲置募集资金进行现金管理的公告 本公司董事会及全体...,http://www.sse.com.cn/disclosure/listedinfo/announcement/c/new/2021-05-25/688468_20210525_7.pdf
德马科技首次公开发行限售股上市流通公告,2021-05-25,1 证券代码：688360 证券简称：德马科技 公告编号：2021-014 浙江德马科技股份有限公司 首次公开发行限售股上市流通公告 本公司董事会及全体董事保证...,http://www.sse.com.cn/disclosure/listedinfo/announcement/c/new/2021-05-25/688360_20210525_1.pdf
光大证券股份有限公司关于浙江德马科技股份有限公司首次公开发行限售股上市流通的核查意见,2021-05-25,光大证券股份有限公司 关于浙江德马科技股份有限公司 首次公开发行限售股上市流通的核查意见 光大证券股份有限公司（以下简称“光大证券”）作为浙江德马科技股份有 限...,http://www.sse.com.cn/disclosure/listedinfo/announcement/c/new/2021-05-25/688360_20210525_2.pdf
2021年第三次临时股东大会会议材料,2021-05-25,广晟有色金属股份有限公司 2021 年第三次临时股东大会 广晟有色金属股份有限公司 2021年第三次临时股东大会 会议资料 会议时间：二Ｏ二一年五月三十一日下午...,http://www.sse.com.cn/disclosure/listedinfo/announcement/c/new/2021-05-25/600259_20210525_1.pdf
华康股份关于部分募投项目进展情况的公告,2021-05-25,1 证券代码：605077 证券简称：华康股份 公告编号：2021-034 浙江华康药业股份有限公司 关于部分募投项目进展情况的公告 本公司董事会及全体董事保证...,http://www.sse.com.cn/disclosure/listedinfo/announcement/c/new/2021-05-25/605077_20210525_1.pdf
长江证券承销保荐有限公司关于三达膜环境技术股份有限公司2020年年度报告的信息披露监管问询函的专项核查意见,2021-05-25,1 长江证券承销保荐有限公司关于 三达膜环境技术股份有限公司 2020年年度报告的信息披露监管问询函的专项核查意见 上海证券交易所： 长江证券承销保荐有限公司（...,http://www.sse.com.cn/disclosure/listedinfo/announcement/c/new/2021-05-25/688101_20210525_2.pdf
三达膜关于对上海证券交易所《关于三达膜环境技术股份有限公司2020年年度报告的信息披露监管问询函》的回复公告,2021-05-25,证券代码：688101 证券简称：三达膜 公告编号：2021-026 三达膜环境技术股份有限公司 关于对上海证券交易所《关于三达膜环境技术股份有限公司 2020...,http://www.sse.com.cn/disclosure/listedinfo/announcement/c/new/2021-05-25/688101_20210525_1.pdf
司太立：2020年度股东大会资料,2021-05-25,浙江司太立制药股份有限公司 2020年年度股东大会 会议资料 股票代码：603520 会议时间：二〇二一年六月七日 浙江司太立制药股份有限公司 2020 年年度...,http://www.sse.com.cn/disclosure/listedinfo/announcement/c/new/2021-05-25/603520_20210525_2.pdf
爱柯迪持股5%以上股东减持计划期限届满暨拟继续减持公司股份的公告,2021-05-25,1 证券代码：600933 证券简称：爱柯迪 公告编号：临 2021-028 爱柯迪股份有限公司 持股 5%以上股东减持计划期限届满暨拟继续减持公 司股份的公告...,http://www.sse.com.cn/disclosure/listedinfo/announcement/c/new/2021-05-25/600933_20210525_1.pdf
